verse_id,ayah_key,entity_id,mention_text,mention_type,confidence_score
1,1:1,1,الله,direct,1.00
4,1:4,159,مالك,direct,1.00
6,1:6,222,الصراط,direct,1.00
14,2:7,1,الله,direct,1.00
16,2:9,1,الله,direct,1.00
17,2:10,1,الله,direct,1.00
22,2:15,1,الله,direct,1.00
24,2:17,1,الله,direct,1.00
27,2:20,1,الله,direct,1.00
30,2:23,1,الله,direct,1.00
31,2:24,97,النار,direct,1.00
33,2:26,1,الله,direct,1.00
34,2:27,1,الله,direct,1.00
38,2:31,2,آدم,direct,1.00
38,2:31,51,الملائكة,direct,1.00
40,2:33,2,آدم,direct,1.00
41,2:34,52,إبليس,direct,1.00
42,2:35,2,آدم,direct,1.00
43,2:36,53,الشيطان,direct,1.00
44,2:37,2,آدم,direct,1.00
46,2:39,97,النار,direct,1.00
47,2:40,123,إسرائيل,direct,1.00
54,2:47,123,إسرائيل,direct,1.00
56,2:49,31,فرعون,direct,1.00
56,2:49,77,آل فرعون,direct,1.00
57,2:50,31,فرعون,direct,1.00
57,2:50,77,آل فرعون,direct,1.00
57,2:50,163,البحر,direct,1.00
58,2:51,14,موسى,direct,1.00
58,2:51,115,العجل,direct,1.00
60,2:53,14,موسى,direct,1.00
61,2:54,14,موسى,direct,1.00
61,2:54,115,العجل,direct,1.00
62,2:55,1,الله,direct,1.00
62,2:55,14,موسى,direct,1.00
64,2:57,204,المنّ والسلوى,direct,1.00
64,2:57,205,الغمام,direct,1.00
67,2:60,1,الله,direct,1.00
67,2:60,14,موسى,direct,1.00
67,2:60,102,الحجر,direct,1.00
68,2:61,1,الله,direct,1.00
68,2:61,14,موسى,direct,1.00
68,2:61,139,النبيين,direct,1.00
71,2:64,1,الله,direct,1.00
74,2:67,1,الله,direct,1.00
74,2:67,14,موسى,direct,1.00
77,2:70,1,الله,direct,1.00
80,2:73,1,الله,direct,1.00
80,2:73,24,يحيى,direct,1.00
81,2:74,1,الله,direct,1.00
82,2:75,1,الله,direct,1.00
83,2:76,1,الله,direct,1.00
84,2:77,1,الله,direct,1.00
86,2:79,1,الله,direct,1.00
87,2:80,1,الله,direct,1.00
87,2:80,97,النار,direct,1.00
88,2:81,97,النار,direct,1.00
89,2:82,175,أصحاب الجنة,direct,1.00
90,2:83,1,الله,direct,1.00
90,2:83,123,إسرائيل,direct,1.00
92,2:85,1,الله,direct,1.00
94,2:87,14,موسى,direct,1.00
94,2:87,25,عيسى,direct,1.00
94,2:87,27,مريم,direct,1.00
95,2:88,1,الله,direct,1.00
96,2:89,1,الله,direct,1.00
97,2:90,1,الله,direct,1.00
98,2:91,1,الله,direct,1.00
99,2:92,14,موسى,direct,1.00
99,2:92,115,العجل,direct,1.00
100,2:93,115,العجل,direct,1.00
101,2:94,1,الله,direct,1.00
104,2:97,1,الله,direct,1.00
105,2:98,1,الله,direct,1.00
108,2:101,1,الله,direct,1.00
109,2:102,1,الله,direct,1.00
109,2:102,17,سليمان,direct,1.00
109,2:102,49,هاروت,direct,1.00
109,2:102,161,أُحد,direct,1.00
110,2:103,1,الله,direct,1.00
112,2:105,70,أهل الكتاب,direct,1.00
113,2:106,1,الله,direct,1.00
114,2:107,1,الله,direct,1.00
115,2:108,14,موسى,direct,1.00
116,2:109,1,الله,direct,1.00
116,2:109,70,أهل الكتاب,direct,1.00
116,2:109,181,ودّ,direct,1.00
117,2:110,1,الله,direct,1.00
120,2:113,107,يوم القيامة,direct,1.00
120,2:113,207,اليهود,direct,1.00
120,2:113,208,النصارى,direct,1.00
121,2:114,1,الله,direct,1.00
122,2:115,1,الله,direct,1.00
123,2:116,1,الله,direct,1.00
125,2:118,1,الله,direct,1.00
127,2:120,1,الله,direct,1.00
127,2:120,207,اليهود,direct,1.00
127,2:120,208,النصارى,direct,1.00
129,2:122,123,إسرائيل,direct,1.00
131,2:124,7,إبراهيم,direct,1.00
132,2:125,7,إبراهيم,direct,1.00
133,2:126,7,إبراهيم,direct,1.00
133,2:126,97,النار,direct,1.00
134,2:127,7,إبراهيم,direct,1.00
137,2:130,7,إبراهيم,direct,1.00
139,2:132,1,الله,direct,1.00
139,2:132,7,إبراهيم,direct,1.00
140,2:133,7,إبراهيم,direct,1.00
140,2:133,11,يعقوب,direct,1.00
142,2:135,7,إبراهيم,direct,1.00
143,2:136,7,إبراهيم,direct,1.00
143,2:136,14,موسى,direct,1.00
143,2:136,161,أُحد,direct,1.00
144,2:137,1,الله,direct,1.00
145,2:138,1,الله,direct,1.00
146,2:139,1,الله,direct,1.00
147,2:140,1,الله,direct,1.00
147,2:140,7,إبراهيم,direct,1.00
150,2:143,1,الله,direct,1.00
151,2:144,1,الله,direct,1.00
151,2:144,95,المسجد الحرام,direct,1.00
155,2:148,1,الله,direct,1.00
156,2:149,1,الله,direct,1.00
156,2:149,95,المسجد الحرام,direct,1.00
157,2:150,95,المسجد الحرام,direct,1.00
160,2:153,1,الله,direct,1.00
161,2:154,1,الله,direct,1.00
165,2:158,1,الله,direct,1.00
166,2:159,1,الله,direct,1.00
168,2:161,1,الله,direct,1.00
171,2:164,1,الله,direct,1.00
171,2:164,163,البحر,direct,1.00
172,2:165,1,الله,direct,1.00
174,2:167,1,الله,direct,1.00
174,2:167,97,النار,direct,1.00
175,2:168,53,الشيطان,direct,1.00
176,2:169,1,الله,direct,1.00
177,2:170,1,الله,direct,1.00
180,2:173,1,الله,direct,1.00
180,2:173,57,عاد,direct,1.00
181,2:174,1,الله,direct,1.00
181,2:174,97,النار,direct,1.00
181,2:174,107,يوم القيامة,direct,1.00
182,2:175,97,النار,direct,1.00
183,2:176,1,الله,direct,1.00
188,2:181,1,الله,direct,1.00
189,2:182,1,الله,direct,1.00
192,2:185,1,الله,direct,1.00
192,2:185,80,القرآن,direct,1.00
194,2:187,1,الله,direct,1.00
196,2:189,1,الله,direct,1.00
197,2:190,1,الله,direct,1.00
198,2:191,95,المسجد الحرام,direct,1.00
199,2:192,1,الله,direct,1.00
201,2:194,1,الله,direct,1.00
202,2:195,1,الله,direct,1.00
203,2:196,1,الله,direct,1.00
203,2:196,95,المسجد الحرام,direct,1.00
204,2:197,1,الله,direct,1.00
205,2:198,1,الله,direct,1.00
206,2:199,1,الله,direct,1.00
207,2:200,1,الله,direct,1.00
208,2:201,97,النار,direct,1.00
210,2:203,1,الله,direct,1.00
211,2:204,1,الله,direct,1.00
213,2:206,1,الله,direct,1.00
214,2:207,1,الله,direct,1.00
215,2:208,53,الشيطان,direct,1.00
216,2:209,1,الله,direct,1.00
217,2:210,1,الله,direct,1.00
217,2:210,205,الغمام,direct,1.00
218,2:211,1,الله,direct,1.00
218,2:211,123,إسرائيل,direct,1.00
219,2:212,107,يوم القيامة,direct,1.00
220,2:213,1,الله,direct,1.00
220,2:213,139,النبيين,direct,1.00
221,2:214,1,الله,direct,1.00
222,2:215,1,الله,direct,1.00
224,2:217,1,الله,direct,1.00
224,2:217,97,النار,direct,1.00
225,2:218,1,الله,direct,1.00
226,2:219,1,الله,direct,1.00
227,2:220,1,الله,direct,1.00
228,2:221,97,النار,direct,1.00
229,2:222,1,الله,direct,1.00
230,2:223,1,الله,direct,1.00
231,2:224,1,الله,direct,1.00
232,2:225,1,الله,direct,1.00
233,2:226,1,الله,direct,1.00
234,2:227,1,الله,direct,1.00
235,2:228,1,الله,direct,1.00
236,2:229,1,الله,direct,1.00
237,2:230,1,الله,direct,1.00
238,2:231,1,الله,direct,1.00
240,2:233,1,الله,direct,1.00
242,2:235,1,الله,direct,1.00
244,2:237,1,الله,direct,1.00
246,2:239,1,الله,direct,1.00
249,2:242,1,الله,direct,1.00
250,2:243,1,الله,direct,1.00
251,2:244,1,الله,direct,1.00
252,2:245,1,الله,direct,1.00
253,2:246,1,الله,direct,1.00
253,2:246,14,موسى,direct,1.00
253,2:246,123,إسرائيل,direct,1.00
254,2:247,1,الله,direct,1.00
254,2:247,38,طالوت,direct,1.00
255,2:248,14,موسى,direct,1.00
255,2:248,15,هارون,direct,1.00
255,2:248,51,الملائكة,direct,1.00
256,2:249,1,الله,direct,1.00
256,2:249,38,طالوت,direct,1.00
258,2:251,1,الله,direct,1.00
258,2:251,37,جالوت,direct,1.00
259,2:252,1,الله,direct,1.00
260,2:253,1,الله,direct,1.00
260,2:253,25,عيسى,direct,1.00
260,2:253,27,مريم,direct,1.00
262,2:255,1,الله,direct,1.00
264,2:257,1,الله,direct,1.00
264,2:257,97,النار,direct,1.00
265,2:258,1,الله,direct,1.00
265,2:258,7,إبراهيم,direct,1.00
265,2:258,24,يحيى,direct,1.00
266,2:259,1,الله,direct,1.00
266,2:259,24,يحيى,direct,1.00
267,2:260,1,الله,direct,1.00
267,2:260,7,إبراهيم,direct,1.00
267,2:260,146,الطير,direct,1.00
268,2:261,1,الله,direct,1.00
269,2:262,1,الله,direct,1.00
272,2:265,1,الله,direct,1.00
272,2:265,96,جنة,direct,1.00
273,2:266,1,الله,direct,1.00
273,2:266,96,جنة,direct,1.00
274,2:267,1,الله,direct,1.00
275,2:268,53,الشيطان,direct,1.00
277,2:270,1,الله,direct,1.00
279,2:272,1,الله,direct,1.00
280,2:273,1,الله,direct,1.00
282,2:275,1,الله,direct,1.00
282,2:275,53,الشيطان,direct,1.00
282,2:275,57,عاد,direct,1.00
282,2:275,97,النار,direct,1.00
283,2:276,1,الله,direct,1.00
285,2:278,1,الله,direct,1.00
286,2:279,1,الله,direct,1.00
288,2:281,1,الله,direct,1.00
289,2:282,1,الله,direct,1.00
290,2:283,1,الله,direct,1.00
291,2:284,1,الله,direct,1.00
292,2:285,161,أُحد,direct,1.00
293,2:286,1,الله,direct,1.00
295,3:2,1,الله,direct,1.00
296,3:3,81,التوراة,direct,1.00
297,3:4,1,الله,direct,1.00
297,3:4,85,الفرقان,direct,1.00
298,3:5,1,الله,direct,1.00
300,3:7,1,الله,direct,1.00
302,3:9,1,الله,direct,1.00
303,3:10,1,الله,direct,1.00
303,3:10,97,النار,direct,1.00
304,3:11,1,الله,direct,1.00
304,3:11,31,فرعون,direct,1.00
304,3:11,77,آل فرعون,direct,1.00
306,3:13,1,الله,direct,1.00
308,3:15,1,الله,direct,1.00
309,3:16,97,النار,direct,1.00
311,3:18,1,الله,direct,1.00
312,3:19,1,الله,direct,1.00
314,3:21,1,الله,direct,1.00
314,3:21,139,النبيين,direct,1.00
316,3:23,1,الله,direct,1.00
317,3:24,97,النار,direct,1.00
319,3:26,159,مالك,direct,1.00
321,3:28,1,الله,direct,1.00
322,3:29,1,الله,direct,1.00
323,3:30,1,الله,direct,1.00
324,3:31,1,الله,direct,1.00
325,3:32,1,الله,direct,1.00
326,3:33,1,الله,direct,1.00
326,3:33,2,آدم,direct,1.00
326,3:33,7,إبراهيم,direct,1.00
326,3:33,28,عمران,direct,1.00
328,3:35,28,عمران,direct,1.00
329,3:36,27,مريم,direct,1.00
329,3:36,53,الشيطان,direct,1.00
330,3:37,1,الله,direct,1.00
330,3:37,23,زكريا,direct,1.00
330,3:37,27,مريم,direct,1.00
330,3:37,143,المحراب,direct,1.00
331,3:38,23,زكريا,direct,1.00
332,3:39,1,الله,direct,1.00
332,3:39,51,الملائكة,direct,1.00
332,3:39,143,المحراب,direct,1.00
333,3:40,1,الله,direct,1.00
335,3:42,1,الله,direct,1.00
335,3:42,27,مريم,direct,1.00
335,3:42,51,الملائكة,direct,1.00
336,3:43,27,مريم,direct,1.00
337,3:44,27,مريم,direct,1.00
338,3:45,1,الله,direct,1.00
338,3:45,25,عيسى,direct,1.00
338,3:45,27,مريم,direct,1.00
338,3:45,51,الملائكة,direct,1.00
340,3:47,1,الله,direct,1.00
342,3:49,1,الله,direct,1.00
342,3:49,123,إسرائيل,direct,1.00
342,3:49,146,الطير,direct,1.00
343,3:50,1,الله,direct,1.00
343,3:50,81,التوراة,direct,1.00
344,3:51,1,الله,direct,1.00
345,3:52,1,الله,direct,1.00
345,3:52,25,عيسى,direct,1.00
345,3:52,76,الحواريون,direct,1.00
347,3:54,1,الله,direct,1.00
348,3:55,1,الله,direct,1.00
348,3:55,25,عيسى,direct,1.00
348,3:55,107,يوم القيامة,direct,1.00
352,3:59,1,الله,direct,1.00
352,3:59,2,آدم,direct,1.00
352,3:59,25,عيسى,direct,1.00
354,3:61,1,الله,direct,1.00
355,3:62,1,الله,direct,1.00
356,3:63,1,الله,direct,1.00
357,3:64,1,الله,direct,1.00
357,3:64,70,أهل الكتاب,direct,1.00
358,3:65,7,إبراهيم,direct,1.00
358,3:65,70,أهل الكتاب,direct,1.00
358,3:65,81,التوراة,direct,1.00
360,3:67,7,إبراهيم,direct,1.00
362,3:69,70,أهل الكتاب,direct,1.00
363,3:70,1,الله,direct,1.00
363,3:70,70,أهل الكتاب,direct,1.00
364,3:71,70,أهل الكتاب,direct,1.00
365,3:72,70,أهل الكتاب,direct,1.00
366,3:73,1,الله,direct,1.00
366,3:73,161,أُحد,direct,1.00
368,3:75,1,الله,direct,1.00
368,3:75,70,أهل الكتاب,direct,1.00
369,3:76,1,الله,direct,1.00
370,3:77,1,الله,direct,1.00
370,3:77,107,يوم القيامة,direct,1.00
371,3:78,1,الله,direct,1.00
372,3:79,1,الله,direct,1.00
373,3:80,51,الملائكة,direct,1.00
374,3:81,1,الله,direct,1.00
374,3:81,139,النبيين,direct,1.00
376,3:83,1,الله,direct,1.00
377,3:84,7,إبراهيم,direct,1.00
377,3:84,14,موسى,direct,1.00
377,3:84,161,أُحد,direct,1.00
379,3:86,1,الله,direct,1.00
380,3:87,1,الله,direct,1.00
382,3:89,1,الله,direct,1.00
385,3:92,1,الله,direct,1.00
386,3:93,81,التوراة,direct,1.00
386,3:93,123,إسرائيل,direct,1.00
387,3:94,1,الله,direct,1.00
388,3:95,1,الله,direct,1.00
388,3:95,7,إبراهيم,direct,1.00
390,3:97,1,الله,direct,1.00
390,3:97,7,إبراهيم,direct,1.00
391,3:98,1,الله,direct,1.00
391,3:98,70,أهل الكتاب,direct,1.00
392,3:99,1,الله,direct,1.00
392,3:99,70,أهل الكتاب,direct,1.00
394,3:101,1,الله,direct,1.00
395,3:102,1,الله,direct,1.00
396,3:103,1,الله,direct,1.00
396,3:103,97,النار,direct,1.00
400,3:107,1,الله,direct,1.00
401,3:108,1,الله,direct,1.00
402,3:109,1,الله,direct,1.00
403,3:110,70,أهل الكتاب,direct,1.00
405,3:112,1,الله,direct,1.00
406,3:113,1,الله,direct,1.00
406,3:113,70,أهل الكتاب,direct,1.00
409,3:116,1,الله,direct,1.00
409,3:116,97,النار,direct,1.00
410,3:117,1,الله,direct,1.00
412,3:119,1,الله,direct,1.00
413,3:120,1,الله,direct,1.00
415,3:122,1,الله,direct,1.00
416,3:123,1,الله,direct,1.00
417,3:124,51,الملائكة,direct,1.00
418,3:125,51,الملائكة,direct,1.00
419,3:126,1,الله,direct,1.00
423,3:130,1,الله,direct,1.00
424,3:131,97,النار,direct,1.00
425,3:132,1,الله,direct,1.00
428,3:135,1,الله,direct,1.00
433,3:140,1,الله,direct,1.00
434,3:141,1,الله,direct,1.00
435,3:142,1,الله,direct,1.00
437,3:144,1,الله,direct,1.00
437,3:144,26,محمد,direct,1.00
438,3:145,1,الله,direct,1.00
439,3:146,1,الله,direct,1.00
441,3:148,1,الله,direct,1.00
443,3:150,1,الله,direct,1.00
444,3:151,97,النار,direct,1.00
445,3:152,1,الله,direct,1.00
446,3:153,161,أُحد,direct,1.00
447,3:154,1,الله,direct,1.00
448,3:155,1,الله,direct,1.00
448,3:155,53,الشيطان,direct,1.00
449,3:156,1,الله,direct,1.00
449,3:156,24,يحيى,direct,1.00
450,3:157,1,الله,direct,1.00
451,3:158,1,الله,direct,1.00
452,3:159,1,الله,direct,1.00
453,3:160,1,الله,direct,1.00
454,3:161,107,يوم القيامة,direct,1.00
455,3:162,1,الله,direct,1.00
456,3:163,1,الله,direct,1.00
457,3:164,1,الله,direct,1.00
458,3:165,1,الله,direct,1.00
459,3:166,1,الله,direct,1.00
460,3:167,1,الله,direct,1.00
462,3:169,1,الله,direct,1.00
463,3:170,1,الله,direct,1.00
464,3:171,1,الله,direct,1.00
466,3:173,1,الله,direct,1.00
467,3:174,1,الله,direct,1.00
468,3:175,53,الشيطان,direct,1.00
469,3:176,1,الله,direct,1.00
470,3:177,1,الله,direct,1.00
472,3:179,1,الله,direct,1.00
473,3:180,1,الله,direct,1.00
473,3:180,107,يوم القيامة,direct,1.00
474,3:181,1,الله,direct,1.00
475,3:182,1,الله,direct,1.00
476,3:183,1,الله,direct,1.00
476,3:183,97,النار,direct,1.00
478,3:185,97,النار,direct,1.00
478,3:185,107,يوم القيامة,direct,1.00
480,3:187,1,الله,direct,1.00
484,3:191,1,الله,direct,1.00
484,3:191,97,النار,direct,1.00
485,3:192,97,النار,direct,1.00
487,3:194,107,يوم القيامة,direct,1.00
488,3:195,1,الله,direct,1.00
491,3:198,1,الله,direct,1.00
492,3:199,1,الله,direct,1.00
492,3:199,70,أهل الكتاب,direct,1.00
493,3:200,1,الله,direct,1.00
494,4:1,1,الله,direct,1.00
498,4:5,1,الله,direct,1.00
502,4:9,1,الله,direct,1.00
504,4:11,1,الله,direct,1.00
505,4:12,1,الله,direct,1.00
506,4:13,1,الله,direct,1.00
507,4:14,1,الله,direct,1.00
508,4:15,1,الله,direct,1.00
509,4:16,1,الله,direct,1.00
510,4:17,1,الله,direct,1.00
512,4:19,1,الله,direct,1.00
516,4:23,1,الله,direct,1.00
517,4:24,1,الله,direct,1.00
519,4:26,1,الله,direct,1.00
521,4:28,1,الله,direct,1.00
522,4:29,1,الله,direct,1.00
523,4:30,1,الله,direct,1.00
525,4:32,1,الله,direct,1.00
526,4:33,1,الله,direct,1.00
527,4:34,1,الله,direct,1.00
528,4:35,1,الله,direct,1.00
529,4:36,1,الله,direct,1.00
530,4:37,1,الله,direct,1.00
531,4:38,53,الشيطان,direct,1.00
532,4:39,1,الله,direct,1.00
533,4:40,1,الله,direct,1.00
535,4:42,1,الله,direct,1.00
536,4:43,1,الله,direct,1.00
536,4:43,161,أُحد,direct,1.00
539,4:46,1,الله,direct,1.00
540,4:47,1,الله,direct,1.00
540,4:47,174,أصحاب السبت,direct,1.00
541,4:48,1,الله,direct,1.00
542,4:49,1,الله,direct,1.00
543,4:50,1,الله,direct,1.00
545,4:52,1,الله,direct,1.00
547,4:54,1,الله,direct,1.00
547,4:54,7,إبراهيم,direct,1.00
549,4:56,1,الله,direct,1.00
551,4:58,1,الله,direct,1.00
552,4:59,1,الله,direct,1.00
553,4:60,53,الشيطان,direct,1.00
554,4:61,1,الله,direct,1.00
556,4:63,1,الله,direct,1.00
557,4:64,1,الله,direct,1.00
562,4:69,1,الله,direct,1.00
562,4:69,139,النبيين,direct,1.00
563,4:70,1,الله,direct,1.00
565,4:72,1,الله,direct,1.00
566,4:73,1,الله,direct,1.00
567,4:74,1,الله,direct,1.00
568,4:75,1,الله,direct,1.00
569,4:76,1,الله,direct,1.00
569,4:76,53,الشيطان,direct,1.00
570,4:77,1,الله,direct,1.00
571,4:78,1,الله,direct,1.00
572,4:79,1,الله,direct,1.00
573,4:80,1,الله,direct,1.00
574,4:81,1,الله,direct,1.00
575,4:82,1,الله,direct,1.00
575,4:82,80,القرآن,direct,1.00
576,4:83,1,الله,direct,1.00
576,4:83,53,الشيطان,direct,1.00
577,4:84,1,الله,direct,1.00
578,4:85,1,الله,direct,1.00
579,4:86,1,الله,direct,1.00
580,4:87,1,الله,direct,1.00
580,4:87,107,يوم القيامة,direct,1.00
581,4:88,1,الله,direct,1.00
582,4:89,1,الله,direct,1.00
583,4:90,1,الله,direct,1.00
585,4:92,1,الله,direct,1.00
586,4:93,1,الله,direct,1.00
587,4:94,1,الله,direct,1.00
588,4:95,1,الله,direct,1.00
589,4:96,1,الله,direct,1.00
590,4:97,1,الله,direct,1.00
590,4:97,51,الملائكة,direct,1.00
592,4:99,1,الله,direct,1.00
593,4:100,1,الله,direct,1.00
595,4:102,1,الله,direct,1.00
595,4:102,181,ودّ,direct,1.00
596,4:103,1,الله,direct,1.00
597,4:104,1,الله,direct,1.00
598,4:105,1,الله,direct,1.00
599,4:106,1,الله,direct,1.00
600,4:107,1,الله,direct,1.00
601,4:108,1,الله,direct,1.00
602,4:109,1,الله,direct,1.00
602,4:109,107,يوم القيامة,direct,1.00
603,4:110,1,الله,direct,1.00
604,4:111,1,الله,direct,1.00
606,4:113,1,الله,direct,1.00
607,4:114,1,الله,direct,1.00
609,4:116,1,الله,direct,1.00
611,4:118,1,الله,direct,1.00
612,4:119,1,الله,direct,1.00
612,4:119,53,الشيطان,direct,1.00
613,4:120,53,الشيطان,direct,1.00
615,4:122,1,الله,direct,1.00
616,4:123,1,الله,direct,1.00
616,4:123,70,أهل الكتاب,direct,1.00
618,4:125,1,الله,direct,1.00
618,4:125,7,إبراهيم,direct,1.00
619,4:126,1,الله,direct,1.00
620,4:127,1,الله,direct,1.00
621,4:128,1,الله,direct,1.00
622,4:129,1,الله,direct,1.00
623,4:130,1,الله,direct,1.00
624,4:131,1,الله,direct,1.00
626,4:133,1,الله,direct,1.00
627,4:134,1,الله,direct,1.00
628,4:135,1,الله,direct,1.00
630,4:137,1,الله,direct,1.00
633,4:140,1,الله,direct,1.00
634,4:141,1,الله,direct,1.00
634,4:141,107,يوم القيامة,direct,1.00
635,4:142,1,الله,direct,1.00
636,4:143,1,الله,direct,1.00
638,4:145,97,النار,direct,1.00
639,4:146,1,الله,direct,1.00
640,4:147,1,الله,direct,1.00
641,4:148,1,الله,direct,1.00
642,4:149,1,الله,direct,1.00
643,4:150,1,الله,direct,1.00
645,4:152,1,الله,direct,1.00
645,4:152,161,أُحد,direct,1.00
646,4:153,1,الله,direct,1.00
646,4:153,14,موسى,direct,1.00
646,4:153,70,أهل الكتاب,direct,1.00
646,4:153,115,العجل,direct,1.00
648,4:155,1,الله,direct,1.00
649,4:156,27,مريم,direct,1.00
650,4:157,1,الله,direct,1.00
650,4:157,25,عيسى,direct,1.00
650,4:157,27,مريم,direct,1.00
651,4:158,1,الله,direct,1.00
652,4:159,70,أهل الكتاب,direct,1.00
653,4:160,1,الله,direct,1.00
656,4:163,4,نوح,direct,1.00
656,4:163,7,إبراهيم,direct,1.00
657,4:164,1,الله,direct,1.00
657,4:164,14,موسى,direct,1.00
658,4:165,1,الله,direct,1.00
659,4:166,1,الله,direct,1.00
660,4:167,1,الله,direct,1.00
661,4:168,1,الله,direct,1.00
662,4:169,1,الله,direct,1.00
663,4:170,1,الله,direct,1.00
664,4:171,1,الله,direct,1.00
664,4:171,25,عيسى,direct,1.00
664,4:171,27,مريم,direct,1.00
664,4:171,70,أهل الكتاب,direct,1.00
665,4:172,51,الملائكة,direct,1.00
666,4:173,1,الله,direct,1.00
669,4:176,1,الله,direct,1.00
670,5:1,1,الله,direct,1.00
671,5:2,1,الله,direct,1.00
671,5:2,95,المسجد الحرام,direct,1.00
672,5:3,1,الله,direct,1.00
673,5:4,1,الله,direct,1.00
675,5:6,1,الله,direct,1.00
675,5:6,161,أُحد,direct,1.00
676,5:7,1,الله,direct,1.00
677,5:8,1,الله,direct,1.00
678,5:9,1,الله,direct,1.00
680,5:11,1,الله,direct,1.00
681,5:12,1,الله,direct,1.00
681,5:12,123,إسرائيل,direct,1.00
682,5:13,1,الله,direct,1.00
683,5:14,1,الله,direct,1.00
683,5:14,107,يوم القيامة,direct,1.00
684,5:15,1,الله,direct,1.00
684,5:15,70,أهل الكتاب,direct,1.00
685,5:16,1,الله,direct,1.00
686,5:17,1,الله,direct,1.00
686,5:17,27,مريم,direct,1.00
687,5:18,1,الله,direct,1.00
687,5:18,207,اليهود,direct,1.00
688,5:19,70,أهل الكتاب,direct,1.00
689,5:20,1,الله,direct,1.00
689,5:20,14,موسى,direct,1.00
690,5:21,1,الله,direct,1.00
691,5:22,14,موسى,direct,1.00
692,5:23,1,الله,direct,1.00
693,5:24,14,موسى,direct,1.00
696,5:27,1,الله,direct,1.00
696,5:27,2,آدم,direct,1.00
697,5:28,1,الله,direct,1.00
698,5:29,97,النار,direct,1.00
700,5:31,1,الله,direct,1.00
700,5:31,168,الغراب,direct,1.00
701,5:32,123,إسرائيل,direct,1.00
702,5:33,1,الله,direct,1.00
703,5:34,1,الله,direct,1.00
704,5:35,1,الله,direct,1.00
705,5:36,107,يوم القيامة,direct,1.00
706,5:37,97,النار,direct,1.00
707,5:38,1,الله,direct,1.00
708,5:39,1,الله,direct,1.00
709,5:40,1,الله,direct,1.00
710,5:41,1,الله,direct,1.00
711,5:42,1,الله,direct,1.00
712,5:43,1,الله,direct,1.00
712,5:43,81,التوراة,direct,1.00
713,5:44,1,الله,direct,1.00
713,5:44,81,التوراة,direct,1.00
714,5:45,1,الله,direct,1.00
715,5:46,27,مريم,direct,1.00
715,5:46,81,التوراة,direct,1.00
715,5:46,82,الإنجيل,direct,1.00
716,5:47,1,الله,direct,1.00
716,5:47,82,الإنجيل,direct,1.00
717,5:48,1,الله,direct,1.00
718,5:49,1,الله,direct,1.00
719,5:50,1,الله,direct,1.00
720,5:51,1,الله,direct,1.00
720,5:51,207,اليهود,direct,1.00
721,5:52,1,الله,direct,1.00
723,5:54,1,الله,direct,1.00
724,5:55,1,الله,direct,1.00
725,5:56,1,الله,direct,1.00
726,5:57,1,الله,direct,1.00
728,5:59,70,أهل الكتاب,direct,1.00
729,5:60,1,الله,direct,1.00
733,5:64,1,الله,direct,1.00
733,5:64,107,يوم القيامة,direct,1.00
733,5:64,207,اليهود,direct,1.00
734,5:65,70,أهل الكتاب,direct,1.00
735,5:66,81,التوراة,direct,1.00
736,5:67,1,الله,direct,1.00
737,5:68,70,أهل الكتاب,direct,1.00
737,5:68,81,التوراة,direct,1.00
739,5:70,123,إسرائيل,direct,1.00
740,5:71,1,الله,direct,1.00
741,5:72,1,الله,direct,1.00
741,5:72,27,مريم,direct,1.00
741,5:72,97,النار,direct,1.00
741,5:72,123,إسرائيل,direct,1.00
742,5:73,1,الله,direct,1.00
743,5:74,1,الله,direct,1.00
744,5:75,27,مريم,direct,1.00
745,5:76,1,الله,direct,1.00
746,5:77,70,أهل الكتاب,direct,1.00
747,5:78,27,مريم,direct,1.00
747,5:78,123,إسرائيل,direct,1.00
749,5:80,1,الله,direct,1.00
751,5:82,207,اليهود,direct,1.00
754,5:85,1,الله,direct,1.00
756,5:87,1,الله,direct,1.00
757,5:88,1,الله,direct,1.00
758,5:89,1,الله,direct,1.00
759,5:90,53,الشيطان,direct,1.00
760,5:91,1,الله,direct,1.00
760,5:91,53,الشيطان,direct,1.00
761,5:92,1,الله,direct,1.00
763,5:94,1,الله,direct,1.00
764,5:95,1,الله,direct,1.00
764,5:95,57,عاد,direct,1.00
764,5:95,90,الكعبة,direct,1.00
765,5:96,1,الله,direct,1.00
765,5:96,163,البحر,direct,1.00
766,5:97,1,الله,direct,1.00
766,5:97,90,الكعبة,direct,1.00
767,5:98,1,الله,direct,1.00
769,5:100,1,الله,direct,1.00
770,5:101,1,الله,direct,1.00
770,5:101,80,القرآن,direct,1.00
772,5:103,1,الله,direct,1.00
773,5:104,1,الله,direct,1.00
774,5:105,1,الله,direct,1.00
775,5:106,1,الله,direct,1.00
777,5:108,1,الله,direct,1.00
778,5:109,1,الله,direct,1.00
779,5:110,1,الله,direct,1.00
779,5:110,25,عيسى,direct,1.00
779,5:110,27,مريم,direct,1.00
779,5:110,123,إسرائيل,direct,1.00
779,5:110,146,الطير,direct,1.00
781,5:112,1,الله,direct,1.00
781,5:112,25,عيسى,direct,1.00
781,5:112,27,مريم,direct,1.00
781,5:112,76,الحواريون,direct,1.00
783,5:114,25,عيسى,direct,1.00
783,5:114,27,مريم,direct,1.00
784,5:115,1,الله,direct,1.00
785,5:116,1,الله,direct,1.00
785,5:116,25,عيسى,direct,1.00
785,5:116,27,مريم,direct,1.00
786,5:117,1,الله,direct,1.00
788,5:119,1,الله,direct,1.00
792,6:3,1,الله,direct,1.00
801,6:12,107,يوم القيامة,direct,1.00
803,6:14,1,الله,direct,1.00
806,6:17,1,الله,direct,1.00
808,6:19,1,الله,direct,1.00
808,6:19,80,القرآن,direct,1.00
810,6:21,1,الله,direct,1.00
816,6:27,97,النار,direct,1.00
820,6:31,1,الله,direct,1.00
822,6:33,1,الله,direct,1.00
823,6:34,1,الله,direct,1.00
824,6:35,1,الله,direct,1.00
825,6:36,1,الله,direct,1.00
826,6:37,1,الله,direct,1.00
828,6:39,1,الله,direct,1.00
829,6:40,1,الله,direct,1.00
832,6:43,53,الشيطان,direct,1.00
835,6:46,1,الله,direct,1.00
836,6:47,1,الله,direct,1.00
839,6:50,1,الله,direct,1.00
842,6:53,1,الله,direct,1.00
845,6:56,1,الله,direct,1.00
851,6:62,1,الله,direct,1.00
853,6:64,1,الله,direct,1.00
857,6:68,53,الشيطان,direct,1.00
859,6:70,1,الله,direct,1.00
860,6:71,1,الله,direct,1.00
863,6:74,7,إبراهيم,direct,1.00
863,6:74,34,آزر,direct,1.00
864,6:75,7,إبراهيم,direct,1.00
869,6:80,1,الله,direct,1.00
872,6:83,7,إبراهيم,direct,1.00
873,6:84,10,إسحاق,direct,1.00
877,6:88,1,الله,direct,1.00
879,6:90,1,الله,direct,1.00
880,6:91,1,الله,direct,1.00
880,6:91,14,موسى,direct,1.00
882,6:93,1,الله,direct,1.00
884,6:95,1,الله,direct,1.00
889,6:100,54,الجن,direct,1.00
891,6:102,1,الله,direct,1.00
896,6:107,1,الله,direct,1.00
897,6:108,1,الله,direct,1.00
898,6:109,1,الله,direct,1.00
900,6:111,1,الله,direct,1.00
900,6:111,51,الملائكة,direct,1.00
903,6:114,1,الله,direct,1.00
905,6:116,1,الله,direct,1.00
907,6:118,1,الله,direct,1.00
908,6:119,1,الله,direct,1.00
910,6:121,1,الله,direct,1.00
913,6:124,1,الله,direct,1.00
914,6:125,1,الله,direct,1.00
917,6:128,1,الله,direct,1.00
917,6:128,54,الجن,direct,1.00
917,6:128,97,النار,direct,1.00
919,6:130,54,الجن,direct,1.00
925,6:136,1,الله,direct,1.00
926,6:137,1,الله,direct,1.00
927,6:138,1,الله,direct,1.00
929,6:140,1,الله,direct,1.00
931,6:142,1,الله,direct,1.00
931,6:142,53,الشيطان,direct,1.00
933,6:144,1,الله,direct,1.00
934,6:145,1,الله,direct,1.00
934,6:145,57,عاد,direct,1.00
937,6:148,1,الله,direct,1.00
939,6:150,1,الله,direct,1.00
940,6:151,1,الله,direct,1.00
941,6:152,1,الله,direct,1.00
943,6:154,14,موسى,direct,1.00
946,6:157,1,الله,direct,1.00
947,6:158,51,الملائكة,direct,1.00
948,6:159,1,الله,direct,1.00
950,6:161,7,إبراهيم,direct,1.00
953,6:164,1,الله,direct,1.00
965,7:11,52,إبليس,direct,1.00
973,7:19,2,آدم,direct,1.00
974,7:20,53,الشيطان,direct,1.00
976,7:22,53,الشيطان,direct,1.00
980,7:26,1,الله,direct,1.00
980,7:26,2,آدم,direct,1.00
980,7:26,154,بني آدم,direct,1.00
981,7:27,2,آدم,direct,1.00
981,7:27,53,الشيطان,direct,1.00
981,7:27,154,بني آدم,direct,1.00
982,7:28,1,الله,direct,1.00
984,7:30,1,الله,direct,1.00
985,7:31,2,آدم,direct,1.00
985,7:31,154,بني آدم,direct,1.00
986,7:32,1,الله,direct,1.00
986,7:32,107,يوم القيامة,direct,1.00
987,7:33,1,الله,direct,1.00
989,7:35,2,آدم,direct,1.00
989,7:35,154,بني آدم,direct,1.00
990,7:36,97,النار,direct,1.00
991,7:37,1,الله,direct,1.00
992,7:38,54,الجن,direct,1.00
992,7:38,97,النار,direct,1.00
996,7:42,175,أصحاب الجنة,direct,1.00
997,7:43,1,الله,direct,1.00
998,7:44,1,الله,direct,1.00
998,7:44,97,النار,direct,1.00
998,7:44,175,أصحاب الجنة,direct,1.00
999,7:45,1,الله,direct,1.00
1000,7:46,98,الأعراف,direct,1.00
1000,7:46,175,أصحاب الجنة,direct,1.00
1001,7:47,97,النار,direct,1.00
1002,7:48,98,الأعراف,direct,1.00
1003,7:49,1,الله,direct,1.00
1004,7:50,1,الله,direct,1.00
1004,7:50,97,النار,direct,1.00
1004,7:50,175,أصحاب الجنة,direct,1.00
1008,7:54,1,الله,direct,1.00
1008,7:54,217,العرش,direct,1.00
1010,7:56,1,الله,direct,1.00
1013,7:59,1,الله,direct,1.00
1016,7:62,1,الله,direct,1.00
1019,7:65,1,الله,direct,1.00
1019,7:65,57,عاد,direct,1.00
1023,7:69,1,الله,direct,1.00
1023,7:69,4,نوح,direct,1.00
1023,7:69,56,قوم نوح,direct,1.00
1024,7:70,1,الله,direct,1.00
1025,7:71,1,الله,direct,1.00
1027,7:73,1,الله,direct,1.00
1027,7:73,58,ثمود,direct,1.00
1028,7:74,1,الله,direct,1.00
1028,7:74,57,عاد,direct,1.00
1028,7:74,164,الجبال,direct,1.00
1031,7:77,6,صالح,direct,1.00
1034,7:80,161,أُحد,direct,1.00
1039,7:85,1,الله,direct,1.00
1039,7:85,216,مدين,direct,1.00
1040,7:86,1,الله,direct,1.00
1041,7:87,1,الله,direct,1.00
1042,7:88,13,شعيب,direct,1.00
1043,7:89,1,الله,direct,1.00
1053,7:99,1,الله,direct,1.00
1055,7:101,1,الله,direct,1.00
1057,7:103,14,موسى,direct,1.00
1057,7:103,31,فرعون,direct,1.00
1058,7:104,14,موسى,direct,1.00
1058,7:104,31,فرعون,direct,1.00
1059,7:105,1,الله,direct,1.00
1059,7:105,123,إسرائيل,direct,1.00
1063,7:109,31,فرعون,direct,1.00
1063,7:109,79,قوم فرعون,direct,1.00
1067,7:113,31,فرعون,direct,1.00
1067,7:113,150,السحرة,direct,1.00
1069,7:115,14,موسى,direct,1.00
1071,7:117,14,موسى,direct,1.00
1074,7:120,150,السحرة,direct,1.00
1076,7:122,14,موسى,direct,1.00
1077,7:123,31,فرعون,direct,1.00
1077,7:123,88,المدينة,direct,1.00
1081,7:127,14,موسى,direct,1.00
1081,7:127,31,فرعون,direct,1.00
1081,7:127,79,قوم فرعون,direct,1.00
1082,7:128,14,موسى,direct,1.00
1084,7:130,31,فرعون,direct,1.00
1084,7:130,77,آل فرعون,direct,1.00
1085,7:131,1,الله,direct,1.00
1087,7:133,106,الطوفان,direct,1.00
1088,7:134,14,موسى,direct,1.00
1088,7:134,123,إسرائيل,direct,1.00
1091,7:137,31,فرعون,direct,1.00
1091,7:137,123,إسرائيل,direct,1.00
1092,7:138,14,موسى,direct,1.00
1092,7:138,123,إسرائيل,direct,1.00
1092,7:138,163,البحر,direct,1.00
1094,7:140,1,الله,direct,1.00
1095,7:141,31,فرعون,direct,1.00
1095,7:141,77,آل فرعون,direct,1.00
1096,7:142,14,موسى,direct,1.00
1096,7:142,15,هارون,direct,1.00
1097,7:143,14,موسى,direct,1.00
1098,7:144,14,موسى,direct,1.00
1099,7:145,86,الألواح,direct,1.00
1102,7:148,14,موسى,direct,1.00
1104,7:150,14,موسى,direct,1.00
1104,7:150,86,الألواح,direct,1.00
1106,7:152,115,العجل,direct,1.00
1108,7:154,14,موسى,direct,1.00
1108,7:154,86,الألواح,direct,1.00
1109,7:155,14,موسى,direct,1.00
1111,7:157,81,التوراة,direct,1.00
1112,7:158,1,الله,direct,1.00
1112,7:158,24,يحيى,direct,1.00
1113,7:159,14,موسى,direct,1.00
1114,7:160,14,موسى,direct,1.00
1114,7:160,102,الحجر,direct,1.00
1114,7:160,204,المنّ والسلوى,direct,1.00
1114,7:160,205,الغمام,direct,1.00
1117,7:163,163,البحر,direct,1.00
1118,7:164,1,الله,direct,1.00
1121,7:167,107,يوم القيامة,direct,1.00
1123,7:169,1,الله,direct,1.00
1126,7:172,2,آدم,direct,1.00
1126,7:172,107,يوم القيامة,direct,1.00
1126,7:172,154,بني آدم,direct,1.00
1129,7:175,53,الشيطان,direct,1.00
1132,7:178,1,الله,direct,1.00
1133,7:179,54,الجن,direct,1.00
1138,7:184,96,جنة,direct,1.00
1139,7:185,1,الله,direct,1.00
1140,7:186,1,الله,direct,1.00
1141,7:187,1,الله,direct,1.00
1142,7:188,1,الله,direct,1.00
1143,7:189,1,الله,direct,1.00
1144,7:190,1,الله,direct,1.00
1148,7:194,1,الله,direct,1.00
1150,7:196,1,الله,direct,1.00
1154,7:200,53,الشيطان,direct,1.00
1155,7:201,53,الشيطان,direct,1.00
1158,7:204,80,القرآن,direct,1.00
1161,8:1,1,الله,direct,1.00
1162,8:2,1,الله,direct,1.00
1167,8:7,1,الله,direct,1.00
1169,8:9,51,الملائكة,direct,1.00
1170,8:10,1,الله,direct,1.00
1171,8:11,53,الشيطان,direct,1.00
1172,8:12,51,الملائكة,direct,1.00
1173,8:13,1,الله,direct,1.00
1174,8:14,97,النار,direct,1.00
1176,8:16,1,الله,direct,1.00
1177,8:17,1,الله,direct,1.00
1178,8:18,1,الله,direct,1.00
1179,8:19,1,الله,direct,1.00
1180,8:20,1,الله,direct,1.00
1182,8:22,1,الله,direct,1.00
1183,8:23,1,الله,direct,1.00
1184,8:24,1,الله,direct,1.00
1185,8:25,1,الله,direct,1.00
1187,8:27,1,الله,direct,1.00
1188,8:28,1,الله,direct,1.00
1189,8:29,1,الله,direct,1.00
1190,8:30,1,الله,direct,1.00
1193,8:33,1,الله,direct,1.00
1194,8:34,1,الله,direct,1.00
1194,8:34,95,المسجد الحرام,direct,1.00
1196,8:36,1,الله,direct,1.00
1197,8:37,1,الله,direct,1.00
1199,8:39,1,الله,direct,1.00
1200,8:40,1,الله,direct,1.00
1201,8:41,85,الفرقان,direct,1.00
1202,8:42,1,الله,direct,1.00
1203,8:43,1,الله,direct,1.00
1204,8:44,1,الله,direct,1.00
1205,8:45,1,الله,direct,1.00
1206,8:46,1,الله,direct,1.00
1207,8:47,1,الله,direct,1.00
1208,8:48,1,الله,direct,1.00
1208,8:48,53,الشيطان,direct,1.00
1209,8:49,1,الله,direct,1.00
1209,8:49,69,المنافقون,direct,1.00
1210,8:50,51,الملائكة,direct,1.00
1211,8:51,1,الله,direct,1.00
1212,8:52,1,الله,direct,1.00
1212,8:52,31,فرعون,direct,1.00
1212,8:52,77,آل فرعون,direct,1.00
1213,8:53,1,الله,direct,1.00
1214,8:54,31,فرعون,direct,1.00
1214,8:54,77,آل فرعون,direct,1.00
1215,8:55,1,الله,direct,1.00
1218,8:58,1,الله,direct,1.00
1220,8:60,1,الله,direct,1.00
1221,8:61,1,الله,direct,1.00
1222,8:62,1,الله,direct,1.00
1223,8:63,1,الله,direct,1.00
1224,8:64,1,الله,direct,1.00
1226,8:66,1,الله,direct,1.00
1228,8:68,1,الله,direct,1.00
1229,8:69,1,الله,direct,1.00
1230,8:70,1,الله,direct,1.00
1231,8:71,1,الله,direct,1.00
1232,8:72,1,الله,direct,1.00
1234,8:74,1,الله,direct,1.00
1235,8:75,1,الله,direct,1.00
1236,9:1,1,الله,direct,1.00
1237,9:2,1,الله,direct,1.00
1238,9:3,1,الله,direct,1.00
1239,9:4,1,الله,direct,1.00
1240,9:5,1,الله,direct,1.00
1241,9:6,1,الله,direct,1.00
1241,9:6,161,أُحد,direct,1.00
1242,9:7,1,الله,direct,1.00
1242,9:7,95,المسجد الحرام,direct,1.00
1244,9:9,1,الله,direct,1.00
1249,9:14,1,الله,direct,1.00
1250,9:15,1,الله,direct,1.00
1251,9:16,1,الله,direct,1.00
1252,9:17,1,الله,direct,1.00
1252,9:17,97,النار,direct,1.00
1253,9:18,1,الله,direct,1.00
1254,9:19,1,الله,direct,1.00
1254,9:19,95,المسجد الحرام,direct,1.00
1255,9:20,1,الله,direct,1.00
1257,9:22,1,الله,direct,1.00
1259,9:24,1,الله,direct,1.00
1260,9:25,1,الله,direct,1.00
1260,9:25,93,حنين,direct,1.00
1261,9:26,1,الله,direct,1.00
1262,9:27,1,الله,direct,1.00
1263,9:28,1,الله,direct,1.00
1263,9:28,71,المشركون,direct,1.00
1263,9:28,95,المسجد الحرام,direct,1.00
1264,9:29,1,الله,direct,1.00
1265,9:30,1,الله,direct,1.00
1265,9:30,155,عزير,direct,1.00
1265,9:30,207,اليهود,direct,1.00
1265,9:30,208,النصارى,direct,1.00
1266,9:31,1,الله,direct,1.00
1266,9:31,27,مريم,direct,1.00
1267,9:32,1,الله,direct,1.00
1268,9:33,71,المشركون,direct,1.00
1269,9:34,1,الله,direct,1.00
1271,9:36,1,الله,direct,1.00
1272,9:37,1,الله,direct,1.00
1273,9:38,1,الله,direct,1.00
1275,9:40,1,الله,direct,1.00
1276,9:41,1,الله,direct,1.00
1278,9:43,1,الله,direct,1.00
1281,9:46,1,الله,direct,1.00
1283,9:48,1,الله,direct,1.00
1286,9:51,1,الله,direct,1.00
1287,9:52,1,الله,direct,1.00
1290,9:55,1,الله,direct,1.00
1294,9:59,1,الله,direct,1.00
1295,9:60,1,الله,direct,1.00
1296,9:61,1,الله,direct,1.00
1298,9:63,1,الله,direct,1.00
1299,9:64,1,الله,direct,1.00
1299,9:64,69,المنافقون,direct,1.00
1302,9:67,1,الله,direct,1.00
1302,9:67,69,المنافقون,direct,1.00
1303,9:68,1,الله,direct,1.00
1305,9:70,1,الله,direct,1.00
1305,9:70,4,نوح,direct,1.00
1305,9:70,7,إبراهيم,direct,1.00
1305,9:70,56,قوم نوح,direct,1.00
1305,9:70,216,مدين,direct,1.00
1306,9:71,1,الله,direct,1.00
1307,9:72,1,الله,direct,1.00
1309,9:74,1,الله,direct,1.00
1310,9:75,1,الله,direct,1.00
1312,9:77,1,الله,direct,1.00
1313,9:78,1,الله,direct,1.00
1314,9:79,1,الله,direct,1.00
1315,9:80,1,الله,direct,1.00
1316,9:81,1,الله,direct,1.00
1318,9:83,1,الله,direct,1.00
1319,9:84,161,أُحد,direct,1.00
1320,9:85,1,الله,direct,1.00
1324,9:89,1,الله,direct,1.00
1325,9:90,1,الله,direct,1.00
1325,9:90,211,الأعراب,direct,1.00
1328,9:93,1,الله,direct,1.00
1329,9:94,1,الله,direct,1.00
1331,9:96,1,الله,direct,1.00
1332,9:97,1,الله,direct,1.00
1332,9:97,211,الأعراب,direct,1.00
1333,9:98,211,الأعراب,direct,1.00
1334,9:99,1,الله,direct,1.00
1334,9:99,211,الأعراب,direct,1.00
1335,9:100,1,الله,direct,1.00
1336,9:101,88,المدينة,direct,1.00
1336,9:101,211,الأعراب,direct,1.00
1337,9:102,1,الله,direct,1.00
1339,9:104,1,الله,direct,1.00
1340,9:105,1,الله,direct,1.00
1341,9:106,1,الله,direct,1.00
1342,9:107,1,الله,direct,1.00
1344,9:109,1,الله,direct,1.00
1346,9:111,1,الله,direct,1.00
1346,9:111,81,التوراة,direct,1.00
1347,9:112,1,الله,direct,1.00
1349,9:114,7,إبراهيم,direct,1.00
1350,9:115,1,الله,direct,1.00
1351,9:116,1,الله,direct,1.00
1351,9:116,24,يحيى,direct,1.00
1352,9:117,1,الله,direct,1.00
1353,9:118,1,الله,direct,1.00
1354,9:119,1,الله,direct,1.00
1355,9:120,1,الله,direct,1.00
1355,9:120,6,صالح,direct,1.00
1355,9:120,88,المدينة,direct,1.00
1355,9:120,211,الأعراب,direct,1.00
1356,9:121,1,الله,direct,1.00
1358,9:123,1,الله,direct,1.00
1362,9:127,1,الله,direct,1.00
1362,9:127,161,أُحد,direct,1.00
1364,9:129,1,الله,direct,1.00
1364,9:129,217,العرش,direct,1.00
1367,10:3,1,الله,direct,1.00
1367,10:3,217,العرش,direct,1.00
1368,10:4,1,الله,direct,1.00
1369,10:5,1,الله,direct,1.00
1370,10:6,1,الله,direct,1.00
1372,10:8,97,النار,direct,1.00
1375,10:11,1,الله,direct,1.00
1380,10:16,1,الله,direct,1.00
1381,10:17,1,الله,direct,1.00
1382,10:18,1,الله,direct,1.00
1385,10:21,1,الله,direct,1.00
1386,10:22,1,الله,direct,1.00
1390,10:26,175,أصحاب الجنة,direct,1.00
1391,10:27,1,الله,direct,1.00
1391,10:27,97,النار,direct,1.00
1394,10:30,1,الله,direct,1.00
1395,10:31,1,الله,direct,1.00
1396,10:32,1,الله,direct,1.00
1398,10:34,1,الله,direct,1.00
1399,10:35,1,الله,direct,1.00
1400,10:36,1,الله,direct,1.00
1401,10:37,1,الله,direct,1.00
1401,10:37,80,القرآن,direct,1.00
1402,10:38,1,الله,direct,1.00
1408,10:44,1,الله,direct,1.00
1409,10:45,1,الله,direct,1.00
1410,10:46,1,الله,direct,1.00
1413,10:49,1,الله,direct,1.00
1419,10:55,1,الله,direct,1.00
1420,10:56,24,يحيى,direct,1.00
1422,10:58,1,الله,direct,1.00
1423,10:59,1,الله,direct,1.00
1424,10:60,1,الله,direct,1.00
1424,10:60,107,يوم القيامة,direct,1.00
1426,10:62,1,الله,direct,1.00
1428,10:64,1,الله,direct,1.00
1430,10:66,1,الله,direct,1.00
1432,10:68,1,الله,direct,1.00
1433,10:69,1,الله,direct,1.00
1435,10:71,1,الله,direct,1.00
1435,10:71,4,نوح,direct,1.00
1436,10:72,1,الله,direct,1.00
1439,10:75,14,موسى,direct,1.00
1439,10:75,31,فرعون,direct,1.00
1441,10:77,14,موسى,direct,1.00
1443,10:79,31,فرعون,direct,1.00
1444,10:80,14,موسى,direct,1.00
1444,10:80,150,السحرة,direct,1.00
1445,10:81,1,الله,direct,1.00
1445,10:81,14,موسى,direct,1.00
1446,10:82,1,الله,direct,1.00
1447,10:83,31,فرعون,direct,1.00
1448,10:84,14,موسى,direct,1.00
1449,10:85,1,الله,direct,1.00
1451,10:87,14,موسى,direct,1.00
1452,10:88,14,موسى,direct,1.00
1452,10:88,31,فرعون,direct,1.00
1454,10:90,31,فرعون,direct,1.00
1454,10:90,55,بنو إسرائيل,direct,1.00
1454,10:90,123,إسرائيل,direct,1.00
1454,10:90,163,البحر,direct,1.00
1457,10:93,107,يوم القيامة,direct,1.00
1457,10:93,123,إسرائيل,direct,1.00
1459,10:95,1,الله,direct,1.00
1462,10:98,20,يونس,direct,1.00
1464,10:100,1,الله,direct,1.00
1468,10:104,1,الله,direct,1.00
1470,10:106,1,الله,direct,1.00
1471,10:107,1,الله,direct,1.00
1473,10:109,1,الله,direct,1.00
1475,11:2,1,الله,direct,1.00
1477,11:4,1,الله,direct,1.00
1479,11:6,1,الله,direct,1.00
1486,11:13,1,الله,direct,1.00
1487,11:14,1,الله,direct,1.00
1489,11:16,97,النار,direct,1.00
1490,11:17,14,موسى,direct,1.00
1491,11:18,1,الله,direct,1.00
1492,11:19,1,الله,direct,1.00
1493,11:20,1,الله,direct,1.00
1496,11:23,175,أصحاب الجنة,direct,1.00
1499,11:26,1,الله,direct,1.00
1502,11:29,1,الله,direct,1.00
1503,11:30,1,الله,direct,1.00
1504,11:31,1,الله,direct,1.00
1505,11:32,4,نوح,direct,1.00
1506,11:33,1,الله,direct,1.00
1507,11:34,1,الله,direct,1.00
1509,11:36,4,نوح,direct,1.00
1514,11:41,1,الله,direct,1.00
1515,11:42,4,نوح,direct,1.00
1516,11:43,1,الله,direct,1.00
1517,11:44,214,الجودي,direct,1.00
1518,11:45,4,نوح,direct,1.00
1519,11:46,4,نوح,direct,1.00
1519,11:46,6,صالح,direct,1.00
1521,11:48,4,نوح,direct,1.00
1523,11:50,1,الله,direct,1.00
1523,11:50,57,عاد,direct,1.00
1526,11:53,5,هود,direct,1.00
1527,11:54,1,الله,direct,1.00
1529,11:56,1,الله,direct,1.00
1532,11:59,57,عاد,direct,1.00
1533,11:60,5,هود,direct,1.00
1534,11:61,1,الله,direct,1.00
1534,11:61,58,ثمود,direct,1.00
1535,11:62,6,صالح,direct,1.00
1536,11:63,1,الله,direct,1.00
1537,11:64,1,الله,direct,1.00
1541,11:68,58,ثمود,direct,1.00
1542,11:69,7,إبراهيم,direct,1.00
1543,11:70,8,لوط,direct,1.00
1543,11:70,59,قوم لوط,direct,1.00
1544,11:71,10,إسحاق,direct,1.00
1544,11:71,11,يعقوب,direct,1.00
1546,11:73,1,الله,direct,1.00
1547,11:74,7,إبراهيم,direct,1.00
1547,11:74,8,لوط,direct,1.00
1547,11:74,59,قوم لوط,direct,1.00
1548,11:75,7,إبراهيم,direct,1.00
1549,11:76,7,إبراهيم,direct,1.00
1551,11:78,1,الله,direct,1.00
1554,11:81,8,لوط,direct,1.00
1554,11:81,161,أُحد,direct,1.00
1557,11:84,1,الله,direct,1.00
1557,11:84,216,مدين,direct,1.00
1559,11:86,1,الله,direct,1.00
1560,11:87,13,شعيب,direct,1.00
1562,11:89,4,نوح,direct,1.00
1562,11:89,5,هود,direct,1.00
1562,11:89,6,صالح,direct,1.00
1562,11:89,8,لوط,direct,1.00
1562,11:89,56,قوم نوح,direct,1.00
1562,11:89,59,قوم لوط,direct,1.00
1564,11:91,13,شعيب,direct,1.00
1565,11:92,1,الله,direct,1.00
1568,11:95,58,ثمود,direct,1.00
1569,11:96,14,موسى,direct,1.00
1570,11:97,31,فرعون,direct,1.00
1571,11:98,97,النار,direct,1.00
1571,11:98,107,يوم القيامة,direct,1.00
1574,11:101,1,الله,direct,1.00
1579,11:106,97,النار,direct,1.00
1583,11:110,14,موسى,direct,1.00
1586,11:113,1,الله,direct,1.00
1586,11:113,97,النار,direct,1.00
1588,11:115,1,الله,direct,1.00
1599,12:3,80,القرآن,direct,1.00
1600,12:4,12,يوسف,direct,1.00
1600,12:4,161,أُحد,direct,1.00
1601,12:5,53,الشيطان,direct,1.00
1602,12:6,7,إبراهيم,direct,1.00
1602,12:6,11,يعقوب,direct,1.00
1603,12:7,12,يوسف,direct,1.00
1605,12:9,12,يوسف,direct,1.00
1606,12:10,12,يوسف,direct,1.00
1607,12:11,12,يوسف,direct,1.00
1609,12:13,170,الذئب,direct,1.00
1610,12:14,170,الذئب,direct,1.00
1613,12:17,12,يوسف,direct,1.00
1613,12:17,170,الذئب,direct,1.00
1617,12:21,89,مصر,direct,1.00
1619,12:23,1,الله,direct,1.00
1625,12:29,12,يوسف,direct,1.00
1626,12:30,88,المدينة,direct,1.00
1632,12:36,146,الطير,direct,1.00
1634,12:38,1,الله,direct,1.00
1634,12:38,7,إبراهيم,direct,1.00
1635,12:39,1,الله,direct,1.00
1636,12:40,1,الله,direct,1.00
1637,12:41,146,الطير,direct,1.00
1638,12:42,53,الشيطان,direct,1.00
1642,12:46,12,يوسف,direct,1.00
1647,12:51,12,يوسف,direct,1.00
1648,12:52,1,الله,direct,1.00
1654,12:58,12,يوسف,direct,1.00
1654,12:58,129,إخوة يوسف,direct,1.00
1662,12:66,1,الله,direct,1.00
1663,12:67,1,الله,direct,1.00
1664,12:68,1,الله,direct,1.00
1664,12:68,11,يعقوب,direct,1.00
1665,12:69,12,يوسف,direct,1.00
1672,12:76,1,الله,direct,1.00
1673,12:77,12,يوسف,direct,1.00
1675,12:79,1,الله,direct,1.00
1676,12:80,1,الله,direct,1.00
1676,12:80,12,يوسف,direct,1.00
1679,12:83,1,الله,direct,1.00
1680,12:84,12,يوسف,direct,1.00
1681,12:85,12,يوسف,direct,1.00
1682,12:86,1,الله,direct,1.00
1683,12:87,1,الله,direct,1.00
1683,12:87,12,يوسف,direct,1.00
1684,12:88,1,الله,direct,1.00
1686,12:90,1,الله,direct,1.00
1686,12:90,12,يوسف,direct,1.00
1687,12:91,1,الله,direct,1.00
1688,12:92,1,الله,direct,1.00
1690,12:94,12,يوسف,direct,1.00
1692,12:96,1,الله,direct,1.00
1695,12:99,1,الله,direct,1.00
1695,12:99,12,يوسف,direct,1.00
1695,12:99,89,مصر,direct,1.00
1696,12:100,53,الشيطان,direct,1.00
1696,12:100,217,العرش,direct,1.00
1703,12:107,1,الله,direct,1.00
1704,12:108,1,الله,direct,1.00
1709,13:2,1,الله,direct,1.00
1709,13:2,217,العرش,direct,1.00
1712,13:5,97,النار,direct,1.00
1715,13:8,1,الله,direct,1.00
1718,13:11,1,الله,direct,1.00
1720,13:13,1,الله,direct,1.00
1723,13:16,1,الله,direct,1.00
1724,13:17,1,الله,direct,1.00
1724,13:17,97,النار,direct,1.00
1727,13:20,1,الله,direct,1.00
1728,13:21,1,الله,direct,1.00
1732,13:25,1,الله,direct,1.00
1733,13:26,1,الله,direct,1.00
1734,13:27,1,الله,direct,1.00
1735,13:28,1,الله,direct,1.00
1736,13:29,228,طوبى,direct,1.00
1738,13:31,1,الله,direct,1.00
1738,13:31,164,الجبال,direct,1.00
1740,13:33,1,الله,direct,1.00
1741,13:34,1,الله,direct,1.00
1742,13:35,97,النار,direct,1.00
1743,13:36,1,الله,direct,1.00
1744,13:37,1,الله,direct,1.00
1745,13:38,1,الله,direct,1.00
1746,13:39,1,الله,direct,1.00
1752,14:2,1,الله,direct,1.00
1753,14:3,1,الله,direct,1.00
1754,14:4,1,الله,direct,1.00
1755,14:5,1,الله,direct,1.00
1755,14:5,14,موسى,direct,1.00
1756,14:6,1,الله,direct,1.00
1756,14:6,14,موسى,direct,1.00
1756,14:6,31,فرعون,direct,1.00
1756,14:6,77,آل فرعون,direct,1.00
1758,14:8,1,الله,direct,1.00
1758,14:8,14,موسى,direct,1.00
1759,14:9,1,الله,direct,1.00
1759,14:9,4,نوح,direct,1.00
1759,14:9,56,قوم نوح,direct,1.00
1760,14:10,1,الله,direct,1.00
1761,14:11,1,الله,direct,1.00
1762,14:12,1,الله,direct,1.00
1768,14:18,145,الريح,direct,1.00
1769,14:19,1,الله,direct,1.00
1770,14:20,1,الله,direct,1.00
1771,14:21,1,الله,direct,1.00
1772,14:22,1,الله,direct,1.00
1772,14:22,53,الشيطان,direct,1.00
1774,14:24,1,الله,direct,1.00
1775,14:25,1,الله,direct,1.00
1777,14:27,1,الله,direct,1.00
1778,14:28,1,الله,direct,1.00
1780,14:30,97,النار,direct,1.00
1782,14:32,1,الله,direct,1.00
1782,14:32,163,البحر,direct,1.00
1784,14:34,1,الله,direct,1.00
1785,14:35,7,إبراهيم,direct,1.00
1785,14:35,153,الأصنام,direct,1.00
1788,14:38,1,الله,direct,1.00
1789,14:39,9,إسماعيل,direct,1.00
1792,14:42,1,الله,direct,1.00
1796,14:46,1,الله,direct,1.00
1796,14:46,164,الجبال,direct,1.00
1797,14:47,1,الله,direct,1.00
1800,14:50,97,النار,direct,1.00
1801,14:51,1,الله,direct,1.00
1810,15:8,51,الملائكة,direct,1.00
1832,15:30,51,الملائكة,direct,1.00
1833,15:31,52,إبليس,direct,1.00
1834,15:32,52,إبليس,direct,1.00
1853,15:51,7,إبراهيم,direct,1.00
1861,15:59,8,لوط,direct,1.00
1863,15:61,8,لوط,direct,1.00
1867,15:65,161,أُحد,direct,1.00
1869,15:67,88,المدينة,direct,1.00
1871,15:69,1,الله,direct,1.00
1880,15:78,63,أصحاب الأيكة,direct,1.00
1882,15:80,102,الحجر,direct,1.00
1884,15:82,164,الجبال,direct,1.00
1893,15:91,80,القرآن,direct,1.00
1898,15:96,1,الله,direct,1.00
1902,16:1,1,الله,direct,1.00
1903,16:2,51,الملائكة,direct,1.00
1910,16:9,1,الله,direct,1.00
1915,16:14,163,البحر,direct,1.00
1919,16:18,1,الله,direct,1.00
1921,16:20,1,الله,direct,1.00
1924,16:23,1,الله,direct,1.00
1926,16:25,107,يوم القيامة,direct,1.00
1927,16:26,1,الله,direct,1.00
1928,16:27,107,يوم القيامة,direct,1.00
1929,16:28,1,الله,direct,1.00
1929,16:28,51,الملائكة,direct,1.00
1932,16:31,1,الله,direct,1.00
1933,16:32,51,الملائكة,direct,1.00
1934,16:33,1,الله,direct,1.00
1934,16:33,51,الملائكة,direct,1.00
1936,16:35,1,الله,direct,1.00
1937,16:36,1,الله,direct,1.00
1938,16:37,1,الله,direct,1.00
1939,16:38,1,الله,direct,1.00
1942,16:41,1,الله,direct,1.00
1946,16:45,1,الله,direct,1.00
1949,16:48,1,الله,direct,1.00
1952,16:51,1,الله,direct,1.00
1953,16:52,1,الله,direct,1.00
1954,16:53,1,الله,direct,1.00
1962,16:61,1,الله,direct,1.00
1963,16:62,97,النار,direct,1.00
1964,16:63,53,الشيطان,direct,1.00
1969,16:68,164,الجبال,direct,1.00
1969,16:68,173,النحل,direct,1.00
1971,16:70,1,الله,direct,1.00
1972,16:71,1,الله,direct,1.00
1973,16:72,1,الله,direct,1.00
1974,16:73,1,الله,direct,1.00
1975,16:74,1,الله,direct,1.00
1976,16:75,1,الله,direct,1.00
1977,16:76,1,الله,direct,1.00
1978,16:77,1,الله,direct,1.00
1980,16:79,1,الله,direct,1.00
1980,16:79,146,الطير,direct,1.00
1982,16:81,164,الجبال,direct,1.00
1984,16:83,1,الله,direct,1.00
1988,16:87,1,الله,direct,1.00
1989,16:88,1,الله,direct,1.00
1991,16:90,1,الله,direct,1.00
1992,16:91,1,الله,direct,1.00
1993,16:92,1,الله,direct,1.00
1993,16:92,107,يوم القيامة,direct,1.00
1994,16:93,1,الله,direct,1.00
1995,16:94,1,الله,direct,1.00
1996,16:95,1,الله,direct,1.00
1997,16:96,1,الله,direct,1.00
1999,16:98,53,الشيطان,direct,1.00
1999,16:98,80,القرآن,direct,1.00
2005,16:104,1,الله,direct,1.00
2006,16:105,1,الله,direct,1.00
2007,16:106,1,الله,direct,1.00
2008,16:107,1,الله,direct,1.00
2009,16:108,1,الله,direct,1.00
2013,16:112,1,الله,direct,1.00
2015,16:114,1,الله,direct,1.00
2016,16:115,1,الله,direct,1.00
2016,16:115,57,عاد,direct,1.00
2017,16:116,1,الله,direct,1.00
2021,16:120,7,إبراهيم,direct,1.00
2024,16:123,7,إبراهيم,direct,1.00
2025,16:124,107,يوم القيامة,direct,1.00
2029,16:128,1,الله,direct,1.00
2030,17:1,94,الأقصى,direct,1.00
2030,17:1,95,المسجد الحرام,direct,1.00
2031,17:2,14,موسى,direct,1.00
2031,17:2,123,إسرائيل,direct,1.00
2032,17:3,4,نوح,direct,1.00
2033,17:4,123,إسرائيل,direct,1.00
2038,17:9,80,القرآن,direct,1.00
2042,17:13,107,يوم القيامة,direct,1.00
2046,17:17,4,نوح,direct,1.00
2051,17:22,1,الله,direct,1.00
2056,17:27,53,الشيطان,direct,1.00
2062,17:33,1,الله,direct,1.00
2066,17:37,164,الجبال,direct,1.00
2068,17:39,1,الله,direct,1.00
2069,17:40,51,الملائكة,direct,1.00
2070,17:41,80,القرآن,direct,1.00
2071,17:42,217,العرش,direct,1.00
2074,17:45,80,القرآن,direct,1.00
2075,17:46,80,القرآن,direct,1.00
2082,17:53,53,الشيطان,direct,1.00
2084,17:55,139,النبيين,direct,1.00
2087,17:58,107,يوم القيامة,direct,1.00
2088,17:59,58,ثمود,direct,1.00
2089,17:60,80,القرآن,direct,1.00
2090,17:61,52,إبليس,direct,1.00
2091,17:62,107,يوم القيامة,direct,1.00
2093,17:64,53,الشيطان,direct,1.00
2095,17:66,163,البحر,direct,1.00
2096,17:67,163,البحر,direct,1.00
2098,17:69,145,الريح,direct,1.00
2099,17:70,2,آدم,direct,1.00
2099,17:70,154,بني آدم,direct,1.00
2111,17:82,80,القرآن,direct,1.00
2117,17:88,80,القرآن,direct,1.00
2118,17:89,80,القرآن,direct,1.00
2120,17:91,96,جنة,direct,1.00
2123,17:94,1,الله,direct,1.00
2126,17:97,1,الله,direct,1.00
2126,17:97,107,يوم القيامة,direct,1.00
2128,17:99,1,الله,direct,1.00
2130,17:101,14,موسى,direct,1.00
2130,17:101,31,فرعون,direct,1.00
2130,17:101,123,إسرائيل,direct,1.00
2131,17:102,31,فرعون,direct,1.00
2133,17:104,123,إسرائيل,direct,1.00
2139,17:110,1,الله,direct,1.00
2144,18:4,1,الله,direct,1.00
2149,18:9,66,أصحاب الكهف,direct,1.00
2149,18:9,133,الكهف,direct,1.00
2150,18:10,133,الكهف,direct,1.00
2151,18:11,133,الكهف,direct,1.00
2155,18:15,1,الله,direct,1.00
2156,18:16,1,الله,direct,1.00
2156,18:16,133,الكهف,direct,1.00
2157,18:17,1,الله,direct,1.00
2159,18:19,88,المدينة,direct,1.00
2161,18:21,1,الله,direct,1.00
2164,18:24,1,الله,direct,1.00
2166,18:26,1,الله,direct,1.00
2178,18:38,1,الله,direct,1.00
2179,18:39,1,الله,direct,1.00
2183,18:43,1,الله,direct,1.00
2185,18:45,1,الله,direct,1.00
2187,18:47,164,الجبال,direct,1.00
2190,18:50,52,إبليس,direct,1.00
2190,18:50,54,الجن,direct,1.00
2193,18:53,97,النار,direct,1.00
2194,18:54,80,القرآن,direct,1.00
2200,18:60,14,موسى,direct,1.00
2201,18:61,163,البحر,direct,1.00
2203,18:63,53,الشيطان,direct,1.00
2203,18:63,136,الحوت,direct,1.00
2203,18:63,163,البحر,direct,1.00
2206,18:66,14,موسى,direct,1.00
2209,18:69,1,الله,direct,1.00
2211,18:71,130,السفينة,direct,1.00
2219,18:79,130,السفينة,direct,1.00
2219,18:79,163,البحر,direct,1.00
2220,18:80,131,الغلام,direct,1.00
2222,18:82,88,المدينة,direct,1.00
2222,18:82,132,الجدار,direct,1.00
2234,18:94,75,يأجوج ومأجوج,direct,1.00
2245,18:105,107,يوم القيامة,direct,1.00
2249,18:109,163,البحر,direct,1.00
2252,19:2,23,زكريا,direct,1.00
2256,19:6,11,يعقوب,direct,1.00
2257,19:7,23,زكريا,direct,1.00
2257,19:7,24,يحيى,direct,1.00
2261,19:11,143,المحراب,direct,1.00
2262,19:12,24,يحيى,direct,1.00
2266,19:16,27,مريم,direct,1.00
2277,19:27,27,مريم,direct,1.00
2278,19:28,15,هارون,direct,1.00
2280,19:30,1,الله,direct,1.00
2284,19:34,25,عيسى,direct,1.00
2284,19:34,27,مريم,direct,1.00
2286,19:36,1,الله,direct,1.00
2291,19:41,7,إبراهيم,direct,1.00
2294,19:44,53,الشيطان,direct,1.00
2296,19:46,7,إبراهيم,direct,1.00
2298,19:48,1,الله,direct,1.00
2299,19:49,1,الله,direct,1.00
2299,19:49,10,إسحاق,direct,1.00
2301,19:51,14,موسى,direct,1.00
2303,19:53,15,هارون,direct,1.00
2304,19:54,9,إسماعيل,direct,1.00
2306,19:56,3,إدريس,direct,1.00
2308,19:58,1,الله,direct,1.00
2308,19:58,2,آدم,direct,1.00
2308,19:58,4,نوح,direct,1.00
2308,19:58,7,إبراهيم,direct,1.00
2308,19:58,139,النبيين,direct,1.00
2326,19:76,1,الله,direct,1.00
2331,19:81,1,الله,direct,1.00
2340,19:90,164,الجبال,direct,1.00
2345,19:95,107,يوم القيامة,direct,1.00
2348,19:98,161,أُحد,direct,1.00
2350,20:2,80,القرآن,direct,1.00
2353,20:5,217,العرش,direct,1.00
2356,20:8,1,الله,direct,1.00
2357,20:9,14,موسى,direct,1.00
2358,20:10,97,النار,direct,1.00
2359,20:11,14,موسى,direct,1.00
2362,20:14,1,الله,direct,1.00
2365,20:17,14,موسى,direct,1.00
2367,20:19,14,موسى,direct,1.00
2372,20:24,31,فرعون,direct,1.00
2378,20:30,15,هارون,direct,1.00
2384,20:36,14,موسى,direct,1.00
2388,20:40,14,موسى,direct,1.00
2388,20:40,216,مدين,direct,1.00
2391,20:43,31,فرعون,direct,1.00
2395,20:47,123,إسرائيل,direct,1.00
2397,20:49,14,موسى,direct,1.00
2405,20:57,14,موسى,direct,1.00
2408,20:60,31,فرعون,direct,1.00
2409,20:61,1,الله,direct,1.00
2409,20:61,14,موسى,direct,1.00
2413,20:65,14,موسى,direct,1.00
2415,20:67,14,موسى,direct,1.00
2418,20:70,15,هارون,direct,1.00
2418,20:70,150,السحرة,direct,1.00
2422,20:74,24,يحيى,direct,1.00
2425,20:77,14,موسى,direct,1.00
2425,20:77,163,البحر,direct,1.00
2426,20:78,31,فرعون,direct,1.00
2427,20:79,31,فرعون,direct,1.00
2428,20:80,123,إسرائيل,direct,1.00
2428,20:80,204,المنّ والسلوى,direct,1.00
2431,20:83,14,موسى,direct,1.00
2433,20:85,36,السامري,direct,1.00
2434,20:86,14,موسى,direct,1.00
2435,20:87,36,السامري,direct,1.00
2436,20:88,14,موسى,direct,1.00
2438,20:90,15,هارون,direct,1.00
2439,20:91,14,موسى,direct,1.00
2440,20:92,15,هارون,direct,1.00
2442,20:94,123,إسرائيل,direct,1.00
2446,20:98,1,الله,direct,1.00
2448,20:100,107,يوم القيامة,direct,1.00
2449,20:101,107,يوم القيامة,direct,1.00
2453,20:105,164,الجبال,direct,1.00
2462,20:114,1,الله,direct,1.00
2463,20:115,2,آدم,direct,1.00
2464,20:116,52,إبليس,direct,1.00
2465,20:117,2,آدم,direct,1.00
2468,20:120,2,آدم,direct,1.00
2468,20:120,53,الشيطان,direct,1.00
2469,20:121,2,آدم,direct,1.00
2472,20:124,107,يوم القيامة,direct,1.00
2483,20:135,222,الصراط,direct,1.00
2505,21:22,1,الله,direct,1.00
2505,21:22,217,العرش,direct,1.00
2522,21:39,97,النار,direct,1.00
2531,21:48,14,موسى,direct,1.00
2531,21:48,85,الفرقان,direct,1.00
2534,21:51,7,إبراهيم,direct,1.00
2543,21:60,7,إبراهيم,direct,1.00
2545,21:62,7,إبراهيم,direct,1.00
2549,21:66,1,الله,direct,1.00
2550,21:67,1,الله,direct,1.00
2552,21:69,7,إبراهيم,direct,1.00
2555,21:72,10,إسحاق,direct,1.00
2562,21:79,17,سليمان,direct,1.00
2562,21:79,164,الجبال,direct,1.00
2564,21:81,145,الريح,direct,1.00
2573,21:90,24,يحيى,direct,1.00
2579,21:96,75,يأجوج ومأجوج,direct,1.00
2581,21:98,1,الله,direct,1.00
2586,21:103,51,الملائكة,direct,1.00
2588,21:105,83,الزبور,direct,1.00
2597,22:2,1,الله,direct,1.00
2598,22:3,1,الله,direct,1.00
2601,22:6,1,الله,direct,1.00
2601,22:6,24,يحيى,direct,1.00
2602,22:7,1,الله,direct,1.00
2603,22:8,1,الله,direct,1.00
2604,22:9,1,الله,direct,1.00
2604,22:9,107,يوم القيامة,direct,1.00
2605,22:10,1,الله,direct,1.00
2606,22:11,1,الله,direct,1.00
2607,22:12,1,الله,direct,1.00
2609,22:14,1,الله,direct,1.00
2610,22:15,1,الله,direct,1.00
2611,22:16,1,الله,direct,1.00
2612,22:17,1,الله,direct,1.00
2612,22:17,107,يوم القيامة,direct,1.00
2613,22:18,1,الله,direct,1.00
2618,22:23,1,الله,direct,1.00
2620,22:25,1,الله,direct,1.00
2623,22:28,1,الله,direct,1.00
2625,22:30,1,الله,direct,1.00
2626,22:31,145,الريح,direct,1.00
2626,22:31,146,الطير,direct,1.00
2627,22:32,1,الله,direct,1.00
2629,22:34,1,الله,direct,1.00
2630,22:35,1,الله,direct,1.00
2631,22:36,1,الله,direct,1.00
2632,22:37,1,الله,direct,1.00
2633,22:38,1,الله,direct,1.00
2634,22:39,1,الله,direct,1.00
2635,22:40,1,الله,direct,1.00
2637,22:42,4,نوح,direct,1.00
2637,22:42,56,قوم نوح,direct,1.00
2638,22:43,7,إبراهيم,direct,1.00
2638,22:43,8,لوط,direct,1.00
2639,22:44,14,موسى,direct,1.00
2639,22:44,216,مدين,direct,1.00
2642,22:47,1,الله,direct,1.00
2647,22:52,1,الله,direct,1.00
2647,22:52,53,الشيطان,direct,1.00
2648,22:53,53,الشيطان,direct,1.00
2649,22:54,1,الله,direct,1.00
2653,22:58,1,الله,direct,1.00
2654,22:59,1,الله,direct,1.00
2655,22:60,1,الله,direct,1.00
2656,22:61,1,الله,direct,1.00
2657,22:62,1,الله,direct,1.00
2658,22:63,1,الله,direct,1.00
2659,22:64,1,الله,direct,1.00
2660,22:65,1,الله,direct,1.00
2660,22:65,163,البحر,direct,1.00
2663,22:68,1,الله,direct,1.00
2664,22:69,1,الله,direct,1.00
2664,22:69,107,يوم القيامة,direct,1.00
2665,22:70,1,الله,direct,1.00
2666,22:71,1,الله,direct,1.00
2667,22:72,1,الله,direct,1.00
2667,22:72,97,النار,direct,1.00
2668,22:73,1,الله,direct,1.00
2668,22:73,229,الذباب,direct,1.00
2669,22:74,1,الله,direct,1.00
2670,22:75,1,الله,direct,1.00
2670,22:75,51,الملائكة,direct,1.00
2671,22:76,1,الله,direct,1.00
2673,22:78,1,الله,direct,1.00
2673,22:78,7,إبراهيم,direct,1.00
2687,23:14,1,الله,direct,1.00
2689,23:16,107,يوم القيامة,direct,1.00
2693,23:20,91,طور سيناء,direct,1.00
2696,23:23,1,الله,direct,1.00
2697,23:24,1,الله,direct,1.00
2698,23:25,96,جنة,direct,1.00
2705,23:32,1,الله,direct,1.00
2711,23:38,1,الله,direct,1.00
2718,23:45,14,موسى,direct,1.00
2718,23:45,15,هارون,direct,1.00
2719,23:46,31,فرعون,direct,1.00
2722,23:49,14,موسى,direct,1.00
2723,23:50,27,مريم,direct,1.00
2743,23:70,96,جنة,direct,1.00
2747,23:74,222,الصراط,direct,1.00
2753,23:80,24,يحيى,direct,1.00
2759,23:86,217,العرش,direct,1.00
2764,23:91,1,الله,direct,1.00
2777,23:104,97,النار,direct,1.00
2789,23:116,1,الله,direct,1.00
2789,23:116,217,العرش,direct,1.00
2790,23:117,1,الله,direct,1.00
2793,24:2,1,الله,direct,1.00
2796,24:5,1,الله,direct,1.00
2798,24:7,1,الله,direct,1.00
2800,24:9,1,الله,direct,1.00
2801,24:10,1,الله,direct,1.00
2804,24:13,1,الله,direct,1.00
2805,24:14,1,الله,direct,1.00
2806,24:15,1,الله,direct,1.00
2808,24:17,1,الله,direct,1.00
2809,24:18,1,الله,direct,1.00
2811,24:20,1,الله,direct,1.00
2812,24:21,1,الله,direct,1.00
2812,24:21,53,الشيطان,direct,1.00
2812,24:21,161,أُحد,direct,1.00
2813,24:22,1,الله,direct,1.00
2816,24:25,1,الله,direct,1.00
2821,24:30,1,الله,direct,1.00
2822,24:31,1,الله,direct,1.00
2823,24:32,1,الله,direct,1.00
2824,24:33,1,الله,direct,1.00
2826,24:35,1,الله,direct,1.00
2827,24:36,1,الله,direct,1.00
2828,24:37,1,الله,direct,1.00
2829,24:38,1,الله,direct,1.00
2830,24:39,1,الله,direct,1.00
2831,24:40,1,الله,direct,1.00
2832,24:41,1,الله,direct,1.00
2833,24:42,1,الله,direct,1.00
2834,24:43,1,الله,direct,1.00
2835,24:44,1,الله,direct,1.00
2836,24:45,1,الله,direct,1.00
2839,24:48,1,الله,direct,1.00
2841,24:50,1,الله,direct,1.00
2842,24:51,1,الله,direct,1.00
2843,24:52,1,الله,direct,1.00
2844,24:53,1,الله,direct,1.00
2845,24:54,1,الله,direct,1.00
2846,24:55,1,الله,direct,1.00
2848,24:57,97,النار,direct,1.00
2849,24:58,1,الله,direct,1.00
2850,24:59,1,الله,direct,1.00
2852,24:61,1,الله,direct,1.00
2853,24:62,1,الله,direct,1.00
2854,24:63,1,الله,direct,1.00
2856,25:1,85,الفرقان,direct,1.00
2863,25:8,96,جنة,direct,1.00
2870,25:15,96,جنة,direct,1.00
2872,25:17,1,الله,direct,1.00
2876,25:21,51,الملائكة,direct,1.00
2877,25:22,51,الملائكة,direct,1.00
2879,25:24,175,أصحاب الجنة,direct,1.00
2880,25:25,51,الملائكة,direct,1.00
2884,25:29,53,الشيطان,direct,1.00
2885,25:30,80,القرآن,direct,1.00
2887,25:32,80,القرآن,direct,1.00
2890,25:35,14,موسى,direct,1.00
2890,25:35,15,هارون,direct,1.00
2892,25:37,4,نوح,direct,1.00
2896,25:41,1,الله,direct,1.00
2910,25:55,1,الله,direct,1.00
2914,25:59,217,العرش,direct,1.00
2923,25:68,1,الله,direct,1.00
2924,25:69,107,يوم القيامة,direct,1.00
2925,25:70,1,الله,direct,1.00
2926,25:71,1,الله,direct,1.00
2942,26:10,14,موسى,direct,1.00
2943,26:11,31,فرعون,direct,1.00
2943,26:11,79,قوم فرعون,direct,1.00
2945,26:13,15,هارون,direct,1.00
2948,26:16,31,فرعون,direct,1.00
2949,26:17,123,إسرائيل,direct,1.00
2954,26:22,123,إسرائيل,direct,1.00
2955,26:23,31,فرعون,direct,1.00
2970,26:38,150,السحرة,direct,1.00
2972,26:40,150,السحرة,direct,1.00
2973,26:41,150,السحرة,direct,1.00
2975,26:43,14,موسى,direct,1.00
2976,26:44,31,فرعون,direct,1.00
2977,26:45,14,موسى,direct,1.00
2978,26:46,150,السحرة,direct,1.00
2980,26:48,14,موسى,direct,1.00
2984,26:52,14,موسى,direct,1.00
2985,26:53,31,فرعون,direct,1.00
2991,26:59,123,إسرائيل,direct,1.00
2993,26:61,14,موسى,direct,1.00
2995,26:63,14,موسى,direct,1.00
2995,26:63,163,البحر,direct,1.00
2997,26:65,14,موسى,direct,1.00
3001,26:69,7,إبراهيم,direct,1.00
3017,26:85,96,جنة,direct,1.00
3021,26:89,1,الله,direct,1.00
3025,26:93,1,الله,direct,1.00
3027,26:95,52,إبليس,direct,1.00
3037,26:105,4,نوح,direct,1.00
3037,26:105,56,قوم نوح,direct,1.00
3038,26:106,4,نوح,direct,1.00
3040,26:108,1,الله,direct,1.00
3042,26:110,1,الله,direct,1.00
3048,26:116,4,نوح,direct,1.00
3055,26:123,57,عاد,direct,1.00
3056,26:124,5,هود,direct,1.00
3058,26:126,1,الله,direct,1.00
3063,26:131,1,الله,direct,1.00
3073,26:141,58,ثمود,direct,1.00
3074,26:142,6,صالح,direct,1.00
3076,26:144,1,الله,direct,1.00
3081,26:149,164,الجبال,direct,1.00
3082,26:150,1,الله,direct,1.00
3092,26:160,8,لوط,direct,1.00
3092,26:160,59,قوم لوط,direct,1.00
3093,26:161,8,لوط,direct,1.00
3095,26:163,1,الله,direct,1.00
3099,26:167,8,لوط,direct,1.00
3108,26:176,63,أصحاب الأيكة,direct,1.00
3109,26:177,13,شعيب,direct,1.00
3111,26:179,1,الله,direct,1.00
3129,26:197,123,إسرائيل,direct,1.00
3145,26:213,1,الله,direct,1.00
3159,26:227,1,الله,direct,1.00
3160,27:1,80,القرآن,direct,1.00
3165,27:6,80,القرآن,direct,1.00
3166,27:7,14,موسى,direct,1.00
3167,27:8,1,الله,direct,1.00
3167,27:8,97,النار,direct,1.00
3168,27:9,1,الله,direct,1.00
3168,27:9,14,موسى,direct,1.00
3169,27:10,14,موسى,direct,1.00
3171,27:12,31,فرعون,direct,1.00
3175,27:16,17,سليمان,direct,1.00
3175,27:16,146,الطير,direct,1.00
3176,27:17,54,الجن,direct,1.00
3177,27:18,17,سليمان,direct,1.00
3179,27:20,146,الطير,direct,1.00
3179,27:20,166,الهدهد,direct,1.00
3181,27:22,74,سبأ,direct,1.00
3183,27:24,1,الله,direct,1.00
3183,27:24,53,الشيطان,direct,1.00
3185,27:26,1,الله,direct,1.00
3185,27:26,217,العرش,direct,1.00
3189,27:30,1,الله,direct,1.00
3189,27:30,17,سليمان,direct,1.00
3195,27:36,1,الله,direct,1.00
3195,27:36,17,سليمان,direct,1.00
3198,27:39,54,الجن,direct,1.00
3202,27:43,1,الله,direct,1.00
3203,27:44,17,سليمان,direct,1.00
3204,27:45,1,الله,direct,1.00
3204,27:45,58,ثمود,direct,1.00
3205,27:46,1,الله,direct,1.00
3206,27:47,1,الله,direct,1.00
3207,27:48,88,المدينة,direct,1.00
3215,27:56,8,لوط,direct,1.00
3218,27:59,1,الله,direct,1.00
3219,27:60,1,الله,direct,1.00
3220,27:61,1,الله,direct,1.00
3221,27:62,1,الله,direct,1.00
3222,27:63,1,الله,direct,1.00
3223,27:64,1,الله,direct,1.00
3224,27:65,1,الله,direct,1.00
3235,27:76,80,القرآن,direct,1.00
3235,27:76,123,إسرائيل,direct,1.00
3238,27:79,1,الله,direct,1.00
3246,27:87,1,الله,direct,1.00
3247,27:88,1,الله,direct,1.00
3247,27:88,164,الجبال,direct,1.00
3249,27:90,97,النار,direct,1.00
3251,27:92,80,القرآن,direct,1.00
3255,28:3,14,موسى,direct,1.00
3256,28:4,31,فرعون,direct,1.00
3258,28:6,31,فرعون,direct,1.00
3259,28:7,14,موسى,direct,1.00
3259,28:7,125,أم موسى,direct,1.00
3260,28:8,31,فرعون,direct,1.00
3260,28:8,77,آل فرعون,direct,1.00
3261,28:9,31,فرعون,direct,1.00
3262,28:10,14,موسى,direct,1.00
3262,28:10,125,أم موسى,direct,1.00
3265,28:13,1,الله,direct,1.00
3267,28:15,14,موسى,direct,1.00
3267,28:15,53,الشيطان,direct,1.00
3267,28:15,88,المدينة,direct,1.00
3270,28:18,14,موسى,direct,1.00
3270,28:18,88,المدينة,direct,1.00
3271,28:19,14,موسى,direct,1.00
3272,28:20,14,موسى,direct,1.00
3272,28:20,88,المدينة,direct,1.00
3274,28:22,216,مدين,direct,1.00
3275,28:23,216,مدين,direct,1.00
3279,28:27,1,الله,direct,1.00
3281,28:29,14,موسى,direct,1.00
3281,28:29,97,النار,direct,1.00
3282,28:30,1,الله,direct,1.00
3282,28:30,14,موسى,direct,1.00
3283,28:31,14,موسى,direct,1.00
3284,28:32,31,فرعون,direct,1.00
3286,28:34,15,هارون,direct,1.00
3288,28:36,14,موسى,direct,1.00
3289,28:37,14,موسى,direct,1.00
3290,28:38,14,موسى,direct,1.00
3290,28:38,31,فرعون,direct,1.00
3290,28:38,32,هامان,direct,1.00
3293,28:41,97,النار,direct,1.00
3295,28:43,14,موسى,direct,1.00
3296,28:44,14,موسى,direct,1.00
3297,28:45,216,مدين,direct,1.00
3300,28:48,14,موسى,direct,1.00
3301,28:49,1,الله,direct,1.00
3302,28:50,1,الله,direct,1.00
3308,28:56,1,الله,direct,1.00
3312,28:60,1,الله,direct,1.00
3313,28:61,107,يوم القيامة,direct,1.00
3320,28:68,1,الله,direct,1.00
3322,28:70,1,الله,direct,1.00
3323,28:71,1,الله,direct,1.00
3323,28:71,107,يوم القيامة,direct,1.00
3324,28:72,1,الله,direct,1.00
3324,28:72,107,يوم القيامة,direct,1.00
3328,28:76,1,الله,direct,1.00
3328,28:76,14,موسى,direct,1.00
3328,28:76,33,قارون,direct,1.00
3329,28:77,1,الله,direct,1.00
3330,28:78,1,الله,direct,1.00
3331,28:79,33,قارون,direct,1.00
3332,28:80,1,الله,direct,1.00
3333,28:81,1,الله,direct,1.00
3334,28:82,1,الله,direct,1.00
3337,28:85,80,القرآن,direct,1.00
3339,28:87,1,الله,direct,1.00
3340,28:88,1,الله,direct,1.00
3343,29:3,1,الله,direct,1.00
3345,29:5,1,الله,direct,1.00
3346,29:6,1,الله,direct,1.00
3350,29:10,1,الله,direct,1.00
3351,29:11,1,الله,direct,1.00
3353,29:13,107,يوم القيامة,direct,1.00
3354,29:14,106,الطوفان,direct,1.00
3355,29:15,130,السفينة,direct,1.00
3356,29:16,1,الله,direct,1.00
3357,29:17,1,الله,direct,1.00
3359,29:19,1,الله,direct,1.00
3360,29:20,1,الله,direct,1.00
3362,29:22,1,الله,direct,1.00
3363,29:23,1,الله,direct,1.00
3364,29:24,1,الله,direct,1.00
3364,29:24,97,النار,direct,1.00
3365,29:25,1,الله,direct,1.00
3365,29:25,97,النار,direct,1.00
3365,29:25,107,يوم القيامة,direct,1.00
3366,29:26,8,لوط,direct,1.00
3367,29:27,10,إسحاق,direct,1.00
3368,29:28,161,أُحد,direct,1.00
3369,29:29,1,الله,direct,1.00
3371,29:31,7,إبراهيم,direct,1.00
3376,29:36,1,الله,direct,1.00
3376,29:36,216,مدين,direct,1.00
3378,29:38,53,الشيطان,direct,1.00
3379,29:39,14,موسى,direct,1.00
3380,29:40,1,الله,direct,1.00
3381,29:41,1,الله,direct,1.00
3381,29:41,172,العنكبوت,direct,1.00
3382,29:42,1,الله,direct,1.00
3384,29:44,1,الله,direct,1.00
3385,29:45,1,الله,direct,1.00
3386,29:46,70,أهل الكتاب,direct,1.00
3390,29:50,1,الله,direct,1.00
3400,29:60,1,الله,direct,1.00
3401,29:61,1,الله,direct,1.00
3402,29:62,1,الله,direct,1.00
3403,29:63,1,الله,direct,1.00
3405,29:65,1,الله,direct,1.00
3407,29:67,1,الله,direct,1.00
3408,29:68,1,الله,direct,1.00
3409,29:69,1,الله,direct,1.00
3411,30:2,68,الروم,direct,1.00
3414,30:5,1,الله,direct,1.00
3415,30:6,1,الله,direct,1.00
3417,30:8,1,الله,direct,1.00
3418,30:9,1,الله,direct,1.00
3419,30:10,1,الله,direct,1.00
3420,30:11,1,الله,direct,1.00
3426,30:17,1,الله,direct,1.00
3438,30:29,1,الله,direct,1.00
3439,30:30,1,الله,direct,1.00
3446,30:37,1,الله,direct,1.00
3447,30:38,1,الله,direct,1.00
3448,30:39,1,الله,direct,1.00
3449,30:40,1,الله,direct,1.00
3452,30:43,1,الله,direct,1.00
3457,30:48,1,الله,direct,1.00
3459,30:50,1,الله,direct,1.00
3459,30:50,24,يحيى,direct,1.00
3463,30:54,1,الله,direct,1.00
3465,30:56,1,الله,direct,1.00
3467,30:58,80,القرآن,direct,1.00
3468,30:59,1,الله,direct,1.00
3469,30:60,1,الله,direct,1.00
3475,31:6,1,الله,direct,1.00
3478,31:9,1,الله,direct,1.00
3480,31:11,1,الله,direct,1.00
3481,31:12,1,الله,direct,1.00
3481,31:12,29,لقمان,direct,1.00
3482,31:13,29,لقمان,direct,1.00
3485,31:16,1,الله,direct,1.00
3487,31:18,1,الله,direct,1.00
3489,31:20,1,الله,direct,1.00
3490,31:21,1,الله,direct,1.00
3490,31:21,53,الشيطان,direct,1.00
3491,31:22,1,الله,direct,1.00
3492,31:23,1,الله,direct,1.00
3494,31:25,1,الله,direct,1.00
3495,31:26,1,الله,direct,1.00
3496,31:27,1,الله,direct,1.00
3497,31:28,1,الله,direct,1.00
3498,31:29,1,الله,direct,1.00
3499,31:30,1,الله,direct,1.00
3500,31:31,1,الله,direct,1.00
3500,31:31,163,البحر,direct,1.00
3501,31:32,1,الله,direct,1.00
3502,31:33,1,الله,direct,1.00
3503,31:34,1,الله,direct,1.00
3507,32:4,1,الله,direct,1.00
3507,32:4,217,العرش,direct,1.00
3514,32:11,48,ملك الموت,direct,1.00
3523,32:20,97,النار,direct,1.00
3526,32:23,14,موسى,direct,1.00
3526,32:23,123,إسرائيل,direct,1.00
3528,32:25,107,يوم القيامة,direct,1.00
3534,33:1,1,الله,direct,1.00
3535,33:2,1,الله,direct,1.00
3536,33:3,1,الله,direct,1.00
3537,33:4,1,الله,direct,1.00
3538,33:5,1,الله,direct,1.00
3539,33:6,1,الله,direct,1.00
3540,33:7,4,نوح,direct,1.00
3540,33:7,27,مريم,direct,1.00
3540,33:7,139,النبيين,direct,1.00
3542,33:9,1,الله,direct,1.00
3545,33:12,1,الله,direct,1.00
3545,33:12,69,المنافقون,direct,1.00
3546,33:13,212,يثرب,direct,1.00
3548,33:15,1,الله,direct,1.00
3550,33:17,1,الله,direct,1.00
3551,33:18,1,الله,direct,1.00
3552,33:19,1,الله,direct,1.00
3553,33:20,211,الأعراب,direct,1.00
3554,33:21,1,الله,direct,1.00
3555,33:22,1,الله,direct,1.00
3556,33:23,1,الله,direct,1.00
3557,33:24,1,الله,direct,1.00
3558,33:25,1,الله,direct,1.00
3559,33:26,70,أهل الكتاب,direct,1.00
3560,33:27,1,الله,direct,1.00
3562,33:29,1,الله,direct,1.00
3563,33:30,1,الله,direct,1.00
3566,33:33,1,الله,direct,1.00
3567,33:34,1,الله,direct,1.00
3568,33:35,1,الله,direct,1.00
3569,33:36,1,الله,direct,1.00
3570,33:37,1,الله,direct,1.00
3571,33:38,1,الله,direct,1.00
3572,33:39,1,الله,direct,1.00
3573,33:40,1,الله,direct,1.00
3573,33:40,26,محمد,direct,1.00
3573,33:40,139,النبيين,direct,1.00
3573,33:40,161,أُحد,direct,1.00
3574,33:41,1,الله,direct,1.00
3579,33:46,1,الله,direct,1.00
3580,33:47,1,الله,direct,1.00
3581,33:48,1,الله,direct,1.00
3583,33:50,1,الله,direct,1.00
3584,33:51,1,الله,direct,1.00
3585,33:52,1,الله,direct,1.00
3586,33:53,1,الله,direct,1.00
3587,33:54,1,الله,direct,1.00
3588,33:55,1,الله,direct,1.00
3589,33:56,1,الله,direct,1.00
3590,33:57,1,الله,direct,1.00
3592,33:59,1,الله,direct,1.00
3593,33:60,69,المنافقون,direct,1.00
3593,33:60,88,المدينة,direct,1.00
3595,33:62,1,الله,direct,1.00
3596,33:63,1,الله,direct,1.00
3597,33:64,1,الله,direct,1.00
3599,33:66,1,الله,direct,1.00
3599,33:66,97,النار,direct,1.00
3602,33:69,1,الله,direct,1.00
3602,33:69,14,موسى,direct,1.00
3603,33:70,1,الله,direct,1.00
3604,33:71,1,الله,direct,1.00
3606,33:73,1,الله,direct,1.00
3614,34:8,1,الله,direct,1.00
3614,34:8,96,جنة,direct,1.00
3618,34:12,54,الجن,direct,1.00
3618,34:12,145,الريح,direct,1.00
3620,34:14,54,الجن,direct,1.00
3620,34:14,233,دابة الأرض,direct,1.00
3626,34:20,52,إبليس,direct,1.00
3628,34:22,1,الله,direct,1.00
3630,34:24,1,الله,direct,1.00
3633,34:27,1,الله,direct,1.00
3637,34:31,80,القرآن,direct,1.00
3647,34:41,54,الجن,direct,1.00
3648,34:42,97,النار,direct,1.00
3652,34:46,96,جنة,direct,1.00
3653,34:47,1,الله,direct,1.00
3661,35:1,1,الله,direct,1.00
3661,35:1,51,الملائكة,direct,1.00
3662,35:2,1,الله,direct,1.00
3663,35:3,1,الله,direct,1.00
3664,35:4,1,الله,direct,1.00
3665,35:5,1,الله,direct,1.00
3666,35:6,53,الشيطان,direct,1.00
3668,35:8,1,الله,direct,1.00
3671,35:11,1,الله,direct,1.00
3673,35:13,1,الله,direct,1.00
3675,35:15,1,الله,direct,1.00
3677,35:17,1,الله,direct,1.00
3678,35:18,1,الله,direct,1.00
3682,35:22,1,الله,direct,1.00
3687,35:27,1,الله,direct,1.00
3687,35:27,164,الجبال,direct,1.00
3688,35:28,1,الله,direct,1.00
3689,35:29,1,الله,direct,1.00
3691,35:31,1,الله,direct,1.00
3692,35:32,1,الله,direct,1.00
3698,35:38,1,الله,direct,1.00
3700,35:40,1,الله,direct,1.00
3701,35:41,1,الله,direct,1.00
3701,35:41,161,أُحد,direct,1.00
3703,35:43,1,الله,direct,1.00
3704,35:44,1,الله,direct,1.00
3705,35:45,1,الله,direct,1.00
3718,36:13,176,أصحاب القرية,direct,1.00
3725,36:20,88,المدينة,direct,1.00
3744,36:39,57,عاد,direct,1.00
3752,36:47,1,الله,direct,1.00
3760,36:55,175,أصحاب الجنة,direct,1.00
3765,36:60,2,آدم,direct,1.00
3765,36:60,53,الشيطان,direct,1.00
3765,36:60,154,بني آدم,direct,1.00
3771,36:66,222,الصراط,direct,1.00
3779,36:74,1,الله,direct,1.00
3783,36:78,24,يحيى,direct,1.00
3811,37:23,1,الله,direct,1.00
3823,37:35,1,الله,direct,1.00
3828,37:40,1,الله,direct,1.00
3850,37:62,224,شجرة الزقوم,direct,1.00
3862,37:74,1,الله,direct,1.00
3863,37:75,4,نوح,direct,1.00
3867,37:79,4,نوح,direct,1.00
3874,37:86,1,الله,direct,1.00
3890,37:102,1,الله,direct,1.00
3892,37:104,7,إبراهيم,direct,1.00
3897,37:109,7,إبراهيم,direct,1.00
3901,37:113,10,إسحاق,direct,1.00
3902,37:114,14,موسى,direct,1.00
3906,37:118,222,الصراط,direct,1.00
3908,37:120,14,موسى,direct,1.00
3911,37:123,21,إلياس,direct,1.00
3914,37:126,1,الله,direct,1.00
3916,37:128,1,الله,direct,1.00
3927,37:139,20,يونس,direct,1.00
3930,37:142,136,الحوت,direct,1.00
3938,37:150,51,الملائكة,direct,1.00
3940,37:152,1,الله,direct,1.00
3947,37:159,1,الله,direct,1.00
3948,37:160,1,الله,direct,1.00
3957,37:169,1,الله,direct,1.00
3982,38:12,4,نوح,direct,1.00
3982,38:12,56,قوم نوح,direct,1.00
3983,38:13,8,لوط,direct,1.00
3988,38:18,164,الجبال,direct,1.00
3991,38:21,143,المحراب,direct,1.00
3992,38:22,222,الصراط,direct,1.00
3996,38:26,1,الله,direct,1.00
3997,38:27,97,النار,direct,1.00
4000,38:30,17,سليمان,direct,1.00
4001,38:31,232,الصافنات الجياد,direct,1.00
4004,38:34,17,سليمان,direct,1.00
4006,38:36,145,الريح,direct,1.00
4011,38:41,18,أيوب,direct,1.00
4011,38:41,53,الشيطان,direct,1.00
4015,38:45,7,إبراهيم,direct,1.00
4018,38:48,9,إسماعيل,direct,1.00
4029,38:59,97,النار,direct,1.00
4031,38:61,97,النار,direct,1.00
4034,38:64,97,النار,direct,1.00
4035,38:65,1,الله,direct,1.00
4043,38:73,51,الملائكة,direct,1.00
4044,38:74,52,إبليس,direct,1.00
4045,38:75,52,إبليس,direct,1.00
4059,39:1,1,الله,direct,1.00
4060,39:2,1,الله,direct,1.00
4061,39:3,1,الله,direct,1.00
4062,39:4,1,الله,direct,1.00
4064,39:6,1,الله,direct,1.00
4065,39:7,1,الله,direct,1.00
4066,39:8,97,النار,direct,1.00
4068,39:10,1,الله,direct,1.00
4069,39:11,1,الله,direct,1.00
4072,39:14,1,الله,direct,1.00
4073,39:15,107,يوم القيامة,direct,1.00
4074,39:16,1,الله,direct,1.00
4074,39:16,97,النار,direct,1.00
4075,39:17,1,الله,direct,1.00
4076,39:18,1,الله,direct,1.00
4077,39:19,97,النار,direct,1.00
4078,39:20,1,الله,direct,1.00
4079,39:21,1,الله,direct,1.00
4080,39:22,1,الله,direct,1.00
4081,39:23,1,الله,direct,1.00
4082,39:24,107,يوم القيامة,direct,1.00
4084,39:26,1,الله,direct,1.00
4085,39:27,80,القرآن,direct,1.00
4087,39:29,1,الله,direct,1.00
4089,39:31,107,يوم القيامة,direct,1.00
4090,39:32,1,الله,direct,1.00
4093,39:35,1,الله,direct,1.00
4094,39:36,1,الله,direct,1.00
4095,39:37,1,الله,direct,1.00
4096,39:38,1,الله,direct,1.00
4100,39:42,1,الله,direct,1.00
4101,39:43,1,الله,direct,1.00
4103,39:45,1,الله,direct,1.00
4105,39:47,1,الله,direct,1.00
4105,39:47,107,يوم القيامة,direct,1.00
4110,39:52,1,الله,direct,1.00
4111,39:53,1,الله,direct,1.00
4114,39:56,1,الله,direct,1.00
4115,39:57,1,الله,direct,1.00
4118,39:60,1,الله,direct,1.00
4119,39:61,1,الله,direct,1.00
4120,39:62,1,الله,direct,1.00
4121,39:63,1,الله,direct,1.00
4122,39:64,1,الله,direct,1.00
4124,39:66,1,الله,direct,1.00
4125,39:67,1,الله,direct,1.00
4125,39:67,107,يوم القيامة,direct,1.00
4126,39:68,1,الله,direct,1.00
4133,39:75,51,الملائكة,direct,1.00
4133,39:75,217,العرش,direct,1.00
4135,40:2,1,الله,direct,1.00
4137,40:4,1,الله,direct,1.00
4138,40:5,4,نوح,direct,1.00
4138,40:5,56,قوم نوح,direct,1.00
4139,40:6,97,النار,direct,1.00
4140,40:7,217,العرش,direct,1.00
4143,40:10,1,الله,direct,1.00
4145,40:12,1,الله,direct,1.00
4147,40:14,1,الله,direct,1.00
4148,40:15,217,العرش,direct,1.00
4149,40:16,1,الله,direct,1.00
4150,40:17,1,الله,direct,1.00
4153,40:20,1,الله,direct,1.00
4154,40:21,1,الله,direct,1.00
4155,40:22,1,الله,direct,1.00
4156,40:23,14,موسى,direct,1.00
4157,40:24,31,فرعون,direct,1.00
4159,40:26,14,موسى,direct,1.00
4159,40:26,31,فرعون,direct,1.00
4160,40:27,14,موسى,direct,1.00
4161,40:28,1,الله,direct,1.00
4161,40:28,31,فرعون,direct,1.00
4161,40:28,77,آل فرعون,direct,1.00
4162,40:29,1,الله,direct,1.00
4162,40:29,31,فرعون,direct,1.00
4164,40:31,1,الله,direct,1.00
4164,40:31,4,نوح,direct,1.00
4164,40:31,56,قوم نوح,direct,1.00
4166,40:33,1,الله,direct,1.00
4167,40:34,1,الله,direct,1.00
4167,40:34,12,يوسف,direct,1.00
4168,40:35,1,الله,direct,1.00
4169,40:36,31,فرعون,direct,1.00
4169,40:36,32,هامان,direct,1.00
4170,40:37,14,موسى,direct,1.00
4170,40:37,31,فرعون,direct,1.00
4174,40:41,97,النار,direct,1.00
4176,40:43,1,الله,direct,1.00
4176,40:43,97,النار,direct,1.00
4177,40:44,1,الله,direct,1.00
4178,40:45,1,الله,direct,1.00
4178,40:45,31,فرعون,direct,1.00
4179,40:46,31,فرعون,direct,1.00
4179,40:46,77,آل فرعون,direct,1.00
4179,40:46,97,النار,direct,1.00
4180,40:47,97,النار,direct,1.00
4181,40:48,1,الله,direct,1.00
4182,40:49,97,النار,direct,1.00
4186,40:53,14,موسى,direct,1.00
4186,40:53,123,إسرائيل,direct,1.00
4188,40:55,1,الله,direct,1.00
4189,40:56,1,الله,direct,1.00
4194,40:61,1,الله,direct,1.00
4195,40:62,1,الله,direct,1.00
4196,40:63,1,الله,direct,1.00
4197,40:64,1,الله,direct,1.00
4199,40:66,1,الله,direct,1.00
4201,40:68,24,يحيى,direct,1.00
4202,40:69,1,الله,direct,1.00
4205,40:72,97,النار,direct,1.00
4207,40:74,1,الله,direct,1.00
4210,40:77,1,الله,direct,1.00
4211,40:78,1,الله,direct,1.00
4212,40:79,1,الله,direct,1.00
4214,40:81,1,الله,direct,1.00
4218,40:85,1,الله,direct,1.00
4231,41:13,57,عاد,direct,1.00
4232,41:14,1,الله,direct,1.00
4233,41:15,1,الله,direct,1.00
4233,41:15,57,عاد,direct,1.00
4235,41:17,58,ثمود,direct,1.00
4237,41:19,1,الله,direct,1.00
4237,41:19,97,النار,direct,1.00
4239,41:21,1,الله,direct,1.00
4240,41:22,1,الله,direct,1.00
4243,41:25,54,الجن,direct,1.00
4244,41:26,80,القرآن,direct,1.00
4246,41:28,1,الله,direct,1.00
4246,41:28,97,النار,direct,1.00
4247,41:29,54,الجن,direct,1.00
4248,41:30,1,الله,direct,1.00
4248,41:30,51,الملائكة,direct,1.00
4251,41:33,1,الله,direct,1.00
4254,41:36,53,الشيطان,direct,1.00
4258,41:40,97,النار,direct,1.00
4258,41:40,107,يوم القيامة,direct,1.00
4263,41:45,14,موسى,direct,1.00
4270,41:52,1,الله,direct,1.00
4275,42:3,1,الله,direct,1.00
4277,42:5,1,الله,direct,1.00
4278,42:6,1,الله,direct,1.00
4280,42:8,1,الله,direct,1.00
4281,42:9,24,يحيى,direct,1.00
4282,42:10,1,الله,direct,1.00
4285,42:13,1,الله,direct,1.00
4285,42:13,7,إبراهيم,direct,1.00
4287,42:15,1,الله,direct,1.00
4288,42:16,1,الله,direct,1.00
4289,42:17,1,الله,direct,1.00
4291,42:19,1,الله,direct,1.00
4293,42:21,1,الله,direct,1.00
4295,42:23,1,الله,direct,1.00
4296,42:24,1,الله,direct,1.00
4299,42:27,1,الله,direct,1.00
4303,42:31,1,الله,direct,1.00
4304,42:32,163,البحر,direct,1.00
4305,42:33,145,الريح,direct,1.00
4308,42:36,1,الله,direct,1.00
4312,42:40,1,الله,direct,1.00
4316,42:44,1,الله,direct,1.00
4317,42:45,107,يوم القيامة,direct,1.00
4318,42:46,1,الله,direct,1.00
4319,42:47,1,الله,direct,1.00
4323,42:51,1,الله,direct,1.00
4325,42:53,1,الله,direct,1.00
4344,43:19,51,الملائكة,direct,1.00
4351,43:26,7,إبراهيم,direct,1.00
4356,43:31,80,القرآن,direct,1.00
4371,43:46,14,موسى,direct,1.00
4371,43:46,31,فرعون,direct,1.00
4376,43:51,31,فرعون,direct,1.00
4376,43:51,89,مصر,direct,1.00
4378,43:53,51,الملائكة,direct,1.00
4382,43:57,27,مريم,direct,1.00
4384,43:59,123,إسرائيل,direct,1.00
4387,43:62,53,الشيطان,direct,1.00
4388,43:63,1,الله,direct,1.00
4388,43:63,25,عيسى,direct,1.00
4389,43:64,1,الله,direct,1.00
4402,43:77,159,مالك,direct,1.00
4407,43:82,217,العرش,direct,1.00
4412,43:87,1,الله,direct,1.00
4422,44:8,24,يحيى,direct,1.00
4431,44:17,31,فرعون,direct,1.00
4431,44:17,79,قوم فرعون,direct,1.00
4432,44:18,1,الله,direct,1.00
4433,44:19,1,الله,direct,1.00
4438,44:24,163,البحر,direct,1.00
4444,44:30,123,إسرائيل,direct,1.00
4445,44:31,31,فرعون,direct,1.00
4451,44:37,61,قوم تبع,direct,1.00
4456,44:42,1,الله,direct,1.00
4475,45:2,1,الله,direct,1.00
4478,45:5,1,الله,direct,1.00
4479,45:6,1,الله,direct,1.00
4481,45:8,1,الله,direct,1.00
4483,45:10,1,الله,direct,1.00
4485,45:12,1,الله,direct,1.00
4485,45:12,163,البحر,direct,1.00
4487,45:14,1,الله,direct,1.00
4489,45:16,123,إسرائيل,direct,1.00
4490,45:17,107,يوم القيامة,direct,1.00
4492,45:19,1,الله,direct,1.00
4495,45:22,1,الله,direct,1.00
4496,45:23,1,الله,direct,1.00
4499,45:26,1,الله,direct,1.00
4499,45:26,107,يوم القيامة,direct,1.00
4505,45:32,1,الله,direct,1.00
4507,45:34,97,النار,direct,1.00
4508,45:35,1,الله,direct,1.00
4512,46:2,1,الله,direct,1.00
4514,46:4,1,الله,direct,1.00
4515,46:5,1,الله,direct,1.00
4515,46:5,107,يوم القيامة,direct,1.00
4518,46:8,1,الله,direct,1.00
4520,46:10,1,الله,direct,1.00
4520,46:10,123,إسرائيل,direct,1.00
4522,46:12,14,موسى,direct,1.00
4523,46:13,1,الله,direct,1.00
4524,46:14,175,أصحاب الجنة,direct,1.00
4526,46:16,175,أصحاب الجنة,direct,1.00
4527,46:17,1,الله,direct,1.00
4528,46:18,54,الجن,direct,1.00
4530,46:20,97,النار,direct,1.00
4531,46:21,1,الله,direct,1.00
4531,46:21,57,عاد,direct,1.00
4533,46:23,1,الله,direct,1.00
4536,46:26,1,الله,direct,1.00
4538,46:28,1,الله,direct,1.00
4539,46:29,54,الجن,direct,1.00
4539,46:29,80,القرآن,direct,1.00
4540,46:30,14,موسى,direct,1.00
4541,46:31,1,الله,direct,1.00
4542,46:32,1,الله,direct,1.00
4543,46:33,1,الله,direct,1.00
4543,46:33,24,يحيى,direct,1.00
4544,46:34,97,النار,direct,1.00
4546,47:1,1,الله,direct,1.00
4547,47:2,26,محمد,direct,1.00
4548,47:3,1,الله,direct,1.00
4549,47:4,1,الله,direct,1.00
4552,47:7,1,الله,direct,1.00
4554,47:9,1,الله,direct,1.00
4555,47:10,1,الله,direct,1.00
4556,47:11,1,الله,direct,1.00
4557,47:12,1,الله,direct,1.00
4560,47:15,97,النار,direct,1.00
4561,47:16,1,الله,direct,1.00
4564,47:19,1,الله,direct,1.00
4566,47:21,1,الله,direct,1.00
4568,47:23,1,الله,direct,1.00
4569,47:24,80,القرآن,direct,1.00
4570,47:25,53,الشيطان,direct,1.00
4571,47:26,1,الله,direct,1.00
4572,47:27,51,الملائكة,direct,1.00
4573,47:28,1,الله,direct,1.00
4574,47:29,1,الله,direct,1.00
4577,47:32,1,الله,direct,1.00
4578,47:33,1,الله,direct,1.00
4579,47:34,1,الله,direct,1.00
4583,47:38,1,الله,direct,1.00
4585,48:2,1,الله,direct,1.00
4586,48:3,1,الله,direct,1.00
4587,48:4,1,الله,direct,1.00
4588,48:5,1,الله,direct,1.00
4589,48:6,1,الله,direct,1.00
4590,48:7,1,الله,direct,1.00
4593,48:10,1,الله,direct,1.00
4594,48:11,1,الله,direct,1.00
4594,48:11,211,الأعراب,direct,1.00
4597,48:14,1,الله,direct,1.00
4598,48:15,1,الله,direct,1.00
4599,48:16,1,الله,direct,1.00
4599,48:16,211,الأعراب,direct,1.00
4600,48:17,1,الله,direct,1.00
4601,48:18,1,الله,direct,1.00
4602,48:19,1,الله,direct,1.00
4603,48:20,1,الله,direct,1.00
4604,48:21,1,الله,direct,1.00
4606,48:23,1,الله,direct,1.00
4607,48:24,1,الله,direct,1.00
4607,48:24,87,مكة,direct,1.00
4608,48:25,1,الله,direct,1.00
4608,48:25,95,المسجد الحرام,direct,1.00
4609,48:26,1,الله,direct,1.00
4610,48:27,1,الله,direct,1.00
4610,48:27,95,المسجد الحرام,direct,1.00
4612,48:29,1,الله,direct,1.00
4612,48:29,26,محمد,direct,1.00
4612,48:29,81,التوراة,direct,1.00
4612,48:29,82,الإنجيل,direct,1.00
4613,49:1,1,الله,direct,1.00
4615,49:3,1,الله,direct,1.00
4619,49:7,1,الله,direct,1.00
4620,49:8,1,الله,direct,1.00
4621,49:9,1,الله,direct,1.00
4622,49:10,1,الله,direct,1.00
4624,49:12,1,الله,direct,1.00
4625,49:13,1,الله,direct,1.00
4626,49:14,1,الله,direct,1.00
4626,49:14,211,الأعراب,direct,1.00
4627,49:15,1,الله,direct,1.00
4628,49:16,1,الله,direct,1.00
4629,49:17,1,الله,direct,1.00
4630,49:18,1,الله,direct,1.00
4642,50:12,4,نوح,direct,1.00
4642,50:12,56,قوم نوح,direct,1.00
4643,50:13,8,لوط,direct,1.00
4656,50:26,1,الله,direct,1.00
4688,51:13,97,النار,direct,1.00
4699,51:24,7,إبراهيم,direct,1.00
4713,51:38,14,موسى,direct,1.00
4713,51:38,31,فرعون,direct,1.00
4716,51:41,57,عاد,direct,1.00
4716,51:41,145,الريح,direct,1.00
4718,51:43,58,ثمود,direct,1.00
4721,51:46,4,نوح,direct,1.00
4725,51:50,1,الله,direct,1.00
4726,51:51,1,الله,direct,1.00
4731,51:56,54,الجن,direct,1.00
4733,51:58,1,الله,direct,1.00
4745,52:10,164,الجبال,direct,1.00
4749,52:14,97,النار,direct,1.00
4762,52:27,1,الله,direct,1.00
4778,52:43,1,الله,direct,1.00
4798,53:14,103,سدرة المنتهى,direct,1.00
4799,53:15,96,جنة,direct,1.00
4803,53:19,187,اللات,direct,1.00
4807,53:23,1,الله,direct,1.00
4810,53:26,1,الله,direct,1.00
4811,53:27,51,الملائكة,direct,1.00
4820,53:36,14,موسى,direct,1.00
4836,53:52,4,نوح,direct,1.00
4842,53:58,1,الله,direct,1.00
4855,54:9,4,نوح,direct,1.00
4855,54:9,56,قوم نوح,direct,1.00
4863,54:17,80,القرآن,direct,1.00
4864,54:18,57,عاد,direct,1.00
4868,54:22,80,القرآن,direct,1.00
4869,54:23,58,ثمود,direct,1.00
4878,54:32,80,القرآن,direct,1.00
4879,54:33,8,لوط,direct,1.00
4879,54:33,59,قوم لوط,direct,1.00
4880,54:34,8,لوط,direct,1.00
4886,54:40,80,القرآن,direct,1.00
4887,54:41,31,فرعون,direct,1.00
4887,54:41,77,آل فرعون,direct,1.00
4894,54:48,97,النار,direct,1.00
4903,55:2,80,القرآن,direct,1.00
4908,55:7,221,الميزان,direct,1.00
4909,55:8,221,الميزان,direct,1.00
4910,55:9,221,الميزان,direct,1.00
4925,55:24,163,البحر,direct,1.00
4934,55:33,54,الجن,direct,1.00
4984,56:5,164,الجبال,direct,1.00
5050,56:71,97,النار,direct,1.00
5077,57:2,24,يحيى,direct,1.00
5079,57:4,217,العرش,direct,1.00
5080,57:5,1,الله,direct,1.00
5084,57:9,1,الله,direct,1.00
5085,57:10,1,الله,direct,1.00
5086,57:11,1,الله,direct,1.00
5088,57:13,69,المنافقون,direct,1.00
5089,57:14,1,الله,direct,1.00
5090,57:15,97,النار,direct,1.00
5091,57:16,1,الله,direct,1.00
5092,57:17,1,الله,direct,1.00
5092,57:17,24,يحيى,direct,1.00
5093,57:18,1,الله,direct,1.00
5095,57:20,1,الله,direct,1.00
5096,57:21,1,الله,direct,1.00
5097,57:22,1,الله,direct,1.00
5099,57:24,1,الله,direct,1.00
5100,57:25,1,الله,direct,1.00
5102,57:27,1,الله,direct,1.00
5102,57:27,27,مريم,direct,1.00
5102,57:27,82,الإنجيل,direct,1.00
5103,57:28,1,الله,direct,1.00
5104,57:29,1,الله,direct,1.00
5104,57:29,70,أهل الكتاب,direct,1.00
5105,58:1,1,الله,direct,1.00
5106,58:2,1,الله,direct,1.00
5108,58:4,1,الله,direct,1.00
5109,58:5,1,الله,direct,1.00
5110,58:6,1,الله,direct,1.00
5111,58:7,1,الله,direct,1.00
5111,58:7,107,يوم القيامة,direct,1.00
5112,58:8,1,الله,direct,1.00
5113,58:9,1,الله,direct,1.00
5114,58:10,1,الله,direct,1.00
5114,58:10,53,الشيطان,direct,1.00
5115,58:11,1,الله,direct,1.00
5116,58:12,1,الله,direct,1.00
5117,58:13,1,الله,direct,1.00
5118,58:14,1,الله,direct,1.00
5119,58:15,1,الله,direct,1.00
5120,58:16,1,الله,direct,1.00
5120,58:16,96,جنة,direct,1.00
5121,58:17,1,الله,direct,1.00
5121,58:17,97,النار,direct,1.00
5122,58:18,1,الله,direct,1.00
5123,58:19,1,الله,direct,1.00
5123,58:19,53,الشيطان,direct,1.00
5124,58:20,1,الله,direct,1.00
5125,58:21,1,الله,direct,1.00
5126,58:22,1,الله,direct,1.00
5128,59:2,1,الله,direct,1.00
5128,59:2,70,أهل الكتاب,direct,1.00
5129,59:3,1,الله,direct,1.00
5129,59:3,97,النار,direct,1.00
5130,59:4,1,الله,direct,1.00
5131,59:5,1,الله,direct,1.00
5132,59:6,1,الله,direct,1.00
5133,59:7,1,الله,direct,1.00
5134,59:8,1,الله,direct,1.00
5137,59:11,70,أهل الكتاب,direct,1.00
5139,59:13,1,الله,direct,1.00
5142,59:16,1,الله,direct,1.00
5142,59:16,53,الشيطان,direct,1.00
5143,59:17,97,النار,direct,1.00
5144,59:18,1,الله,direct,1.00
5145,59:19,1,الله,direct,1.00
5146,59:20,97,النار,direct,1.00
5146,59:20,175,أصحاب الجنة,direct,1.00
5147,59:21,1,الله,direct,1.00
5147,59:21,80,القرآن,direct,1.00
5148,59:22,1,الله,direct,1.00
5149,59:23,1,الله,direct,1.00
5150,59:24,1,الله,direct,1.00
5153,60:3,107,يوم القيامة,direct,1.00
5154,60:4,1,الله,direct,1.00
5154,60:4,7,إبراهيم,direct,1.00
5156,60:6,1,الله,direct,1.00
5157,60:7,1,الله,direct,1.00
5158,60:8,1,الله,direct,1.00
5159,60:9,1,الله,direct,1.00
5160,60:10,1,الله,direct,1.00
5161,60:11,1,الله,direct,1.00
5162,60:12,1,الله,direct,1.00
5163,60:13,1,الله,direct,1.00
5166,61:3,1,الله,direct,1.00
5167,61:4,1,الله,direct,1.00
5168,61:5,1,الله,direct,1.00
5168,61:5,14,موسى,direct,1.00
5169,61:6,1,الله,direct,1.00
5169,61:6,25,عيسى,direct,1.00
5169,61:6,27,مريم,direct,1.00
5169,61:6,81,التوراة,direct,1.00
5169,61:6,123,إسرائيل,direct,1.00
5170,61:7,1,الله,direct,1.00
5171,61:8,1,الله,direct,1.00
5172,61:9,71,المشركون,direct,1.00
5174,61:11,1,الله,direct,1.00
5176,61:13,1,الله,direct,1.00
5177,61:14,1,الله,direct,1.00
5177,61:14,25,عيسى,direct,1.00
5177,61:14,27,مريم,direct,1.00
5177,61:14,76,الحواريون,direct,1.00
5177,61:14,123,إسرائيل,direct,1.00
5181,62:4,1,الله,direct,1.00
5182,62:5,1,الله,direct,1.00
5182,62:5,81,التوراة,direct,1.00
5186,62:9,1,الله,direct,1.00
5187,62:10,1,الله,direct,1.00
5188,62:11,1,الله,direct,1.00
5189,63:1,1,الله,direct,1.00
5189,63:1,69,المنافقون,direct,1.00
5190,63:2,1,الله,direct,1.00
5190,63:2,96,جنة,direct,1.00
5192,63:4,1,الله,direct,1.00
5193,63:5,1,الله,direct,1.00
5194,63:6,1,الله,direct,1.00
5195,63:7,1,الله,direct,1.00
5196,63:8,88,المدينة,direct,1.00
5197,63:9,1,الله,direct,1.00
5199,63:11,1,الله,direct,1.00
5205,64:6,1,الله,direct,1.00
5206,64:7,1,الله,direct,1.00
5209,64:10,97,النار,direct,1.00
5210,64:11,1,الله,direct,1.00
5211,64:12,1,الله,direct,1.00
5212,64:13,1,الله,direct,1.00
5213,64:14,1,الله,direct,1.00
5215,64:16,1,الله,direct,1.00
5216,64:17,1,الله,direct,1.00
5218,65:1,1,الله,direct,1.00
5219,65:2,1,الله,direct,1.00
5220,65:3,1,الله,direct,1.00
5221,65:4,1,الله,direct,1.00
5222,65:5,1,الله,direct,1.00
5224,65:7,1,الله,direct,1.00
5227,65:10,1,الله,direct,1.00
5228,65:11,1,الله,direct,1.00
5229,65:12,1,الله,direct,1.00
5230,66:1,1,الله,direct,1.00
5231,66:2,1,الله,direct,1.00
5232,66:3,1,الله,direct,1.00
5233,66:4,1,الله,direct,1.00
5235,66:6,1,الله,direct,1.00
5237,66:8,1,الله,direct,1.00
5239,66:10,1,الله,direct,1.00
5239,66:10,4,نوح,direct,1.00
5239,66:10,8,لوط,direct,1.00
5239,66:10,97,النار,direct,1.00
5240,66:11,1,الله,direct,1.00
5240,66:11,31,فرعون,direct,1.00
5241,66:12,28,عمران,direct,1.00
5250,67:9,1,الله,direct,1.00
5260,67:19,146,الطير,direct,1.00
5267,67:26,1,الله,direct,1.00
5269,67:28,1,الله,direct,1.00
5288,68:17,175,أصحاب الجنة,direct,1.00
5310,68:39,107,يوم القيامة,direct,1.00
5319,68:48,136,الحوت,direct,1.00
5327,69:4,58,ثمود,direct,1.00
5328,69:5,58,ثمود,direct,1.00
5329,69:6,57,عاد,direct,1.00
5332,69:9,31,فرعون,direct,1.00
5345,69:22,96,جنة,direct,1.00
5370,69:47,161,أُحد,direct,1.00
5378,70:3,1,الله,direct,1.00
5379,70:4,51,الملائكة,direct,1.00
5384,70:9,164,الجبال,direct,1.00
5413,70:38,96,جنة,direct,1.00
5422,71:3,1,الله,direct,1.00
5423,71:4,1,الله,direct,1.00
5434,71:15,1,الله,direct,1.00
5440,71:21,4,نوح,direct,1.00
5442,71:23,183,يغوث,direct,1.00
5444,71:25,1,الله,direct,1.00
5445,71:26,4,نوح,direct,1.00
5448,72:1,54,الجن,direct,1.00
5451,72:4,1,الله,direct,1.00
5452,72:5,1,الله,direct,1.00
5453,72:6,54,الجن,direct,1.00
5454,72:7,1,الله,direct,1.00
5459,72:12,1,الله,direct,1.00
5461,72:14,148,المسلمون,direct,1.00
5465,72:18,1,الله,direct,1.00
5466,72:19,1,الله,direct,1.00
5469,72:22,1,الله,direct,1.00
5469,72:22,161,أُحد,direct,1.00
5470,72:23,1,الله,direct,1.00
5479,73:4,80,القرآن,direct,1.00
5489,73:14,164,الجبال,direct,1.00
5490,73:15,31,فرعون,direct,1.00
5491,73:16,31,فرعون,direct,1.00
5495,73:20,1,الله,direct,1.00
5495,73:20,80,القرآن,direct,1.00
5526,74:31,1,الله,direct,1.00
5526,74:31,97,النار,direct,1.00
5551,74:56,1,الله,direct,1.00
5557,75:6,107,يوم القيامة,direct,1.00
5591,75:40,24,يحيى,direct,1.00
5597,76:6,1,الله,direct,1.00
5600,76:9,1,الله,direct,1.00
5602,76:11,1,الله,direct,1.00
5603,76:12,96,جنة,direct,1.00
5614,76:23,80,القرآن,direct,1.00
5621,76:30,1,الله,direct,1.00
5632,77:10,164,الجبال,direct,1.00
5692,78:20,164,الجبال,direct,1.00
5727,79:15,14,موسى,direct,1.00
5729,79:17,31,فرعون,direct,1.00
5737,79:25,1,الله,direct,1.00
5803,81:3,164,الجبال,direct,1.00
5820,81:20,217,العرش,direct,1.00
5829,81:29,1,الله,direct,1.00
5875,83:27,227,تسنيم,direct,1.00
5905,84:21,80,القرآن,direct,1.00
5913,85:4,67,أصحاب الأخدود,direct,1.00
5914,85:5,97,النار,direct,1.00
5924,85:15,217,العرش,direct,1.00
5927,85:18,31,فرعون,direct,1.00
5955,87:7,1,الله,direct,1.00
5960,87:12,97,النار,direct,1.00
5961,87:13,24,يحيى,direct,1.00
5967,87:19,7,إبراهيم,direct,1.00
5967,87:19,84,صحف إبراهيم,direct,1.00
5977,88:10,96,جنة,direct,1.00
5986,88:19,164,الجبال,direct,1.00
5991,88:24,1,الله,direct,1.00
6000,89:7,101,إرم,direct,1.00
6018,89:25,161,أُحد,direct,1.00
6019,89:26,161,أُحد,direct,1.00
6028,90:5,161,أُحد,direct,1.00
6030,90:7,161,أُحد,direct,1.00
6054,91:11,58,ثمود,direct,1.00
6056,91:13,1,الله,direct,1.00
6106,95:8,1,الله,direct,1.00
6120,96:14,1,الله,direct,1.00
6126,97:1,230,ليلة القدر,direct,1.00
6127,97:2,230,ليلة القدر,direct,1.00
6128,97:3,230,ليلة القدر,direct,1.00
6129,97:4,51,الملائكة,direct,1.00
6131,98:1,70,أهل الكتاب,direct,1.00
6132,98:2,1,الله,direct,1.00
6135,98:5,1,الله,direct,1.00
6136,98:6,70,أهل الكتاب,direct,1.00
6138,98:8,1,الله,direct,1.00
6162,101:5,164,الجبال,direct,1.00
6185,104:6,1,الله,direct,1.00
6194,106:1,64,قريش,direct,1.00
6205,108:1,225,الكوثر,direct,1.00
6214,110:1,1,الله,direct,1.00
6215,110:2,1,الله,direct,1.00
6222,112:1,1,الله,direct,1.00
6222,112:1,161,أُحد,direct,1.00
6223,112:2,1,الله,direct,1.00
6225,112:4,161,أُحد,direct,1.00
